id,state,team,component,env_no,environment,module,schema_name,exp_date,source_exp_date,edited_at,first_seen_at,last_seen_at
191,ND,Cognos,Software Versions & N-1 Tracking,19,DR,Software Versions & N-1 Tracking (Cognos),ENV19_CGNS_SWVER,2020-12-27,2020-12-27,,2026-09-02T12:43:42.332179+00:00,2026-09-02T12:43:42.332179+00:00
192,ND,Informatica,Software Versions & N-1 Tracking,19,DR,Software Versions & N-1 Tracking (Informatica),ENV19_INFA_SWVER,2020-12-27,2020-12-27,,2026-09-02T12:43:42.332179+00:00,2026-09-02T12:43:42.332179+00:00
193,ND,Letters,Software Versions & N-1 Tracking,19,DR,Software Versions & N-1 Tracking (Letters),ENV19_LTRS_SWVER,2020-12-27,2020-12-27,,2026-09-02T12:43:42.332179+00:00,2026-09-02T12:43:42.332179+00:00
194,ND,App Server,Software Versions & N-1 Tracking,19,DR,Software Versions & N-1 Tracking (App Server),ENV19_APPSRV_SWVER,2020-12-27,2020-12-27,,2026-09-02T12:43:42.332179+00:00,2026-09-02T12:43:42.332179+00:00
195,ND,Core,Software Versions & N-1 Tracking,19,DR,Software Versions & N-1 Tracking (Core),ENV19_CORE_SWVER,2020-12-27,2020-12-27,,2026-09-02T12:43:42.332179+00:00,2026-09-02T12:43:42.332179+00:00
311,ND,Cognos,Software Versions & N-1 Tracking,78,MO,Software Versions & N-1 Tracking (Cognos),ENV78_CGNS_SWVER,2022-06-10,2022-06-10,,2026-09-02T12:43:42.332179+00:00,2026-09-02T12:43:42.332179+00:00
312,ND,Informatica,Software Versions & N-1 Tracking,78,MO,Software Versions & N-1 Tracking (Informatica),ENV78_INFA_SWVER,2022-06-10,2022-06-10,,2026-09-02T12:43:42.332179+00:00,2026-09-02T12:43:42.332179+00:00
313,ND,Letters,Software Versions & N-1 Tracking,78,MO,Software Versions & N-1 Tracking (Letters),ENV78_LTRS_SWVER,2022-06-10,2022-06-10,,2026-09-02T12:43:42.332179+00:00,2026-09-02T12:43:42.332179+00:00
314,ND,App Server,Software Versions & N-1 Tracking,78,MO,Software Versions & N-1 Tracking (App Server),ENV78_APPSRV_SWVER,2022-06-10,2022-06-10,,2026-09-02T12:43:42.332179+00:00,2026-09-02T12:43:42.332179+00:00
315,ND,Core,Software Versions & N-1 Tracking,78,MO,Software Versions & N-1 Tracking (Core),ENV78_CORE_SWVER,2022-06-10,2022-06-10,,2026-09-02T12:43:42.332179+00:00,2026-09-02T12:43:42.332179+00:00
26,AK,Cognos,Database Password Expiry,31,DEV,Database Password Expiry (Cognos),ENV31_CGNS_DBPWD,2026-09-18,2026-09-18,,2026-09-02T12:43:42.332179+00:00,2026-09-02T12:43:42.332179+00:00
27,AK,Informatica,Database Password Expiry,31,DEV,Database Password Expiry (Informatica),ENV31_INFA_DBPWD,2026-09-18,2026-09-18,,2026-09-02T12:43:42.332179+00:00,2026-09-02T12:43:42.332179+00:00
28,AK,Letters,Database Password Expiry,31,DEV,Database Password Expiry (Letters),ENV31_LTRS_DBPWD,2026-09-18,2026-09-18,,2026-09-02T12:43:42.332179+00:00,2026-09-02T12:43:42.332179+00:00
29,AK,App Server,Database Password Expiry,31,DEV,Database Password Expiry (App Server),ENV31_APPSRV_DBPWD,2026-09-18,2026-09-18,,2026-09-02T12:43:42.332179+00:00,2026-09-02T12:43:42.332179+00:00
30,AK,Core,Database Password Expiry,31,DEV,Database Password Expiry (Core),ENV31_CORE_DBPWD,2026-09-18,2026-09-18,,2026-09-02T12:43:42.332179+00:00,2026-09-02T12:43:42.332179+00:00
486,NH,Cognos,Database Password Expiry,82,DR,Database Password Expiry (Cognos),ENV82_CGNS_DBPWD,2026-09-18,2026-09-18,,2026-09-02T12:43:42.332179+00:00,2026-09-02T12:43:42.332179+00:00
487,NH,Informatica,Database Password Expiry,82,DR,Database Password Expiry (Informatica),ENV82_INFA_DBPWD,2026-09-18,2026-09-18,,2026-09-02T12:43:42.332179+00:00,2026-09-02T12:43:42.332179+00:00
488,NH,Letters,Database Password Expiry,82,DR,Database Password Expiry (Letters),ENV82_LTRS_DBPWD,2026-09-18,2026-09-18,,2026-09-02T12:43:42.332179+00:00,2026-09-02T12:43:42.332179+00:00
489,NH,App Server,Database Password Expiry,82,DR,Database Password Expiry (App Server),ENV82_APPSRV_DBPWD,2026-09-18,2026-09-18,,2026-09-02T12:43:42.332179+00:00,2026-09-02T12:43:42.332179+00:00
490,NH,Core,Database Password Expiry,82,DR,Database Password Expiry (Core),ENV82_CORE_DBPWD,2026-09-18,2026-09-18,,2026-09-02T12:43:42.332179+00:00,2026-09-02T12:43:42.332179+00:00
466,NH,Cognos,Database Password Expiry,58,MO,Database Password Expiry (Cognos),ENV58_CGNS_DBPWD,2026-10-07,2026-10-07,,2026-09-02T12:43:42.332179+00:00,2026-09-02T12:43:42.332179+00:00
467,NH,Informatica,Database Password Expiry,58,MO,Database Password Expiry (Informatica),ENV58_INFA_DBPWD,2026-10-07,2026-10-07,,2026-09-02T12:43:42.332179+00:00,2026-09-02T12:43:42.332179+00:00
468,NH,Letters,Database Password Expiry,58,MO,Database Password Expiry (Letters),ENV58_LTRS_DBPWD,2026-10-07,2026-10-07,,2026-09-02T12:43:42.332179+00:00,2026-09-02T12:43:42.332179+00:00
469,NH,App Server,Database Password Expiry,58,MO,Database Password Expiry (App Server),ENV58_APPSRV_DBPWD,2026-10-07,2026-10-07,,2026-09-02T12:43:42.332179+00:00,2026-09-02T12:43:42.332179+00:00
470,NH,Core,Database Password Expiry,58,MO,Database Password Expiry (Core),ENV58_CORE_DBPWD,2026-10-07,2026-10-07,,2026-09-02T12:43:42.332179+00:00,2026-09-02T12:43:42.332179+00:00
196,ND,Cognos,Upgrade & Patch Tasks,19,DR,Upgrade & Patch Tasks (Cognos),ENV19_CGNS_PATCH,2026-10-16,2026-10-16,,2026-09-02T12:43:42.332179+00:00,2026-09-02T12:43:42.332179+00:00
197,ND,Informatica,Upgrade & Patch Tasks,19,DR,Upgrade & Patch Tasks (Informatica),ENV19_INFA_PATCH,2026-10-16,2026-10-16,,2026-09-02T12:43:42.332179+00:00,2026-09-02T12:43:42.332179+00:00
198,ND,Letters,Upgrade & Patch Tasks,19,DR,Upgrade & Patch Tasks (Letters),ENV19_LTRS_PATCH,2026-10-16,2026-10-16,,2026-09-02T12:43:42.332179+00:00,2026-09-02T12:43:42.332179+00:00
199,ND,App Server,Upgrade & Patch Tasks,19,DR,Upgrade & Patch Tasks (App Server),ENV19_APPSRV_PATCH,2026-10-16,2026-10-16,,2026-09-02T12:43:42.332179+00:00,2026-09-02T12:43:42.332179+00:00
200,ND,Core,Upgrade & Patch Tasks,19,DR,Upgrade & Patch Tasks (Core),ENV19_CORE_PATCH,2026-10-16,2026-10-16,,2026-09-02T12:43:42.332179+00:00,2026-09-02T12:43:42.332179+00:00
241,ND,Cognos,Crypto Keys & CA Certificates,75,DEV,Crypto Keys & CA Certificates (Cognos),ENV75_CGNS_CRYPTO,2026-10-16,2026-10-16,,2026-09-02T12:43:42.332179+00:00,2026-09-02T12:43:42.332179+00:00
242,ND,Informatica,Crypto Keys & CA Certificates,75,DEV,Crypto Keys & CA Certificates (Informatica),ENV75_INFA_CRYPTO,2026-10-16,2026-10-16,,2026-09-02T12:43:42.332179+00:00,2026-09-02T12:43:42.332179+00:00
243,ND,Letters,Crypto Keys & CA Certificates,75,DEV,Crypto Keys & CA Certificates (Letters),ENV75_LTRS_CRYPTO,2026-10-16,2026-10-16,,2026-09-02T12:43:42.332179+00:00,2026-09-02T12:43:42.332179+00:00
244,ND,App Server,Crypto Keys & CA Certificates,75,DEV,Crypto Keys & CA Certificates (App Server),ENV75_APPSRV_CRYPTO,2026-10-16,2026-10-16,,2026-09-02T12:43:42.332179+00:00,2026-09-02T12:43:42.332179+00:00
245,ND,Core,Crypto Keys & CA Certificates,75,DEV,Crypto Keys & CA Certificates (Core),ENV75_CORE_CRYPTO,2026-10-16,2026-10-16,,2026-09-02T12:43:42.332179+00:00,2026-09-02T12:43:42.332179+00:00
251,ND,Cognos,Software Versions & N-1 Tracking,75,DEV,Software Versions & N-1 Tracking (Cognos),ENV75_CGNS_SWVER,2026-10-16,2026-10-16,,2026-09-02T12:43:42.332179+00:00,2026-09-02T12:43:42.332179+00:00
252,ND,Informatica,Software Versions & N-1 Tracking,75,DEV,Software Versions & N-1 Tracking (Informatica),ENV75_INFA_SWVER,2026-10-16,2026-10-16,,2026-09-02T12:43:42.332179+00:00,2026-09-02T12:43:42.332179+00:00
253,ND,Letters,Software Versions & N-1 Tracking,75,DEV,Software Versions & N-1 Tracking (Letters),ENV75_LTRS_SWVER,2026-10-16,2026-10-16,,2026-09-02T12:43:42.332179+00:00,2026-09-02T12:43:42.332179+00:00
254,ND,App Server,Software Versions & N-1 Tracking,75,DEV,Software Versions & N-1 Tracking (App Server),ENV75_APPSRV_SWVER,2026-10-16,2026-10-16,,2026-09-02T12:43:42.332179+00:00,2026-09-02T12:43:42.332179+00:00
255,ND,Core,Software Versions & N-1 Tracking,75,DEV,Software Versions & N-1 Tracking (Core),ENV75_CORE_SWVER,2026-10-16,2026-10-16,,2026-09-02T12:43:42.332179+00:00,2026-09-02T12:43:42.332179+00:00
346,NH,Cognos,Database Password Expiry,4,UAT,Database Password Expiry (Cognos),ENV4_CGNS_DBPWD,2026-10-16,2026-10-16,,2026-09-02T12:43:42.332179+00:00,2026-09-02T12:43:42.332179+00:00
347,NH,Informatica,Database Password Expiry,4,UAT,Database Password Expiry (Informatica),ENV4_INFA_DBPWD,2026-10-16,2026-10-16,,2026-09-02T12:43:42.332179+00:00,2026-09-02T12:43:42.332179+00:00
348,NH,Letters,Database Password Expiry,4,UAT,Database Password Expiry (Letters),ENV4_LTRS_DBPWD,2026-10-16,2026-10-16,,2026-09-02T12:43:42.332179+00:00,2026-09-02T12:43:42.332179+00:00
349,NH,App Server,Database Password Expiry,4,UAT,Database Password Expiry (App Server),ENV4_APPSRV_DBPWD,2026-10-16,2026-10-16,,2026-09-02T12:43:42.332179+00:00,2026-09-02T12:43:42.332179+00:00
350,NH,Core,Database Password Expiry,4,UAT,Database Password Expiry (Core),ENV4_CORE_DBPWD,2026-10-16,2026-10-16,,2026-09-02T12:43:42.332179+00:00,2026-09-02T12:43:42.332179+00:00
366,NH,Cognos,Database Password Expiry,5,PROD,Database Password Expiry (Cognos),ENV5_CGNS_DBPWD,2026-11-16,2026-11-16,,2026-09-02T12:43:42.332179+00:00,2026-09-02T12:43:42.332179+00:00
367,NH,Informatica,Database Password Expiry,5,PROD,Database Password Expiry (Informatica),ENV5_INFA_DBPWD,2026-11-16,2026-11-16,,2026-09-02T12:43:42.332179+00:00,2026-09-02T12:43:42.332179+00:00
368,NH,Letters,Database Password Expiry,5,PROD,Database Password Expiry (Letters),ENV5_LTRS_DBPWD,2026-11-16,2026-11-16,,2026-09-02T12:43:42.332179+00:00,2026-09-02T12:43:42.332179+00:00
369,NH,App Server,Database Password Expiry,5,PROD,Database Password Expiry (App Server),ENV5_APPSRV_DBPWD,2026-11-16,2026-11-16,,2026-09-02T12:43:42.332179+00:00,2026-09-02T12:43:42.332179+00:00
370,NH,Core,Database Password Expiry,5,PROD,Database Password Expiry (Core),ENV5_CORE_DBPWD,2026-11-16,2026-11-16,,2026-09-02T12:43:42.332179+00:00,2026-09-02T12:43:42.332179+00:00
66,AK,Cognos,Database Password Expiry,35,SIT,Database Password Expiry (Cognos),ENV35_CGNS_DBPWD,2026-11-18,2026-11-18,,2026-09-02T12:43:42.332179+00:00,2026-09-02T12:43:42.332179+00:00
67,AK,Informatica,Database Password Expiry,35,SIT,Database Password Expiry (Informatica),ENV35_INFA_DBPWD,2026-11-18,2026-11-18,,2026-09-02T12:43:42.332179+00:00,2026-09-02T12:43:42.332179+00:00
68,AK,Letters,Database Password Expiry,35,SIT,Database Password Expiry (Letters),ENV35_LTRS_DBPWD,2026-11-18,2026-11-18,,2026-09-02T12:43:42.332179+00:00,2026-09-02T12:43:42.332179+00:00
69,AK,App Server,Database Password Expiry,35,SIT,Database Password Expiry (App Server),ENV35_APPSRV_DBPWD,2026-11-18,2026-11-18,,2026-09-02T12:43:42.332179+00:00,2026-09-02T12:43:42.332179+00:00
70,AK,Core,Database Password Expiry,35,SIT,Database Password Expiry (Core),ENV35_CORE_DBPWD,2026-11-18,2026-11-18,,2026-09-02T12:43:42.332179+00:00,2026-09-02T12:43:42.332179+00:00
106,AK,Cognos,Database Password Expiry,38,SIT,Database Password Expiry (Cognos),ENV38_CGNS_DBPWD,2026-11-19,2026-11-19,,2026-09-02T12:43:42.332179+00:00,2026-09-02T12:43:42.332179+00:00
107,AK,Informatica,Database Password Expiry,38,SIT,Database Password Expiry (Informatica),ENV38_INFA_DBPWD,2026-11-19,2026-11-19,,2026-09-02T12:43:42.332179+00:00,2026-09-02T12:43:42.332179+00:00
108,AK,Letters,Database Password Expiry,38,SIT,Database Password Expiry (Letters),ENV38_LTRS_DBPWD,2026-11-19,2026-11-19,,2026-09-02T12:43:42.332179+00:00,2026-09-02T12:43:42.332179+00:00
109,AK,App Server,Database Password Expiry,38,SIT,Database Password Expiry (App Server),ENV38_APPSRV_DBPWD,2026-11-19,2026-11-19,,2026-09-02T12:43:42.332179+00:00,2026-09-02T12:43:42.332179+00:00
110,AK,Core,Database Password Expiry,38,SIT,Database Password Expiry (Core),ENV38_CORE_DBPWD,2026-11-19,2026-11-19,,2026-09-02T12:43:42.332179+00:00,2026-09-02T12:43:42.332179+00:00
221,ND,Cognos,Crypto Keys & CA Certificates,73,DEV,Crypto Keys & CA Certificates (Cognos),ENV73_CGNS_CRYPTO,2026-11-28,2026-11-28,,2026-09-02T12:43:42.332179+00:00,2026-09-02T12:43:42.332179+00:00
222,ND,Informatica,Crypto Keys & CA Certificates,73,DEV,Crypto Keys & CA Certificates (Informatica),ENV73_INFA_CRYPTO,2026-11-28,2026-11-28,,2026-09-02T12:43:42.332179+00:00,2026-09-02T12:43:42.332179+00:00
223,ND,Letters,Crypto Keys & CA Certificates,73,DEV,Crypto Keys & CA Certificates (Letters),ENV73_LTRS_CRYPTO,2026-11-28,2026-11-28,,2026-09-02T12:43:42.332179+00:00,2026-09-02T12:43:42.332179+00:00
224,ND,App Server,Crypto Keys & CA Certificates,73,DEV,Crypto Keys & CA Certificates (App Server),ENV73_APPSRV_CRYPTO,2026-11-28,2026-11-28,,2026-09-02T12:43:42.332179+00:00,2026-09-02T12:43:42.332179+00:00
225,ND,Core,Crypto Keys & CA Certificates,73,DEV,Crypto Keys & CA Certificates (Core),ENV73_CORE_CRYPTO,2026-11-28,2026-11-28,,2026-09-02T12:43:42.332179+00:00,2026-09-02T12:43:42.332179+00:00
226,ND,Cognos,Database Password Expiry,73,DEV,Database Password Expiry (Cognos),ENV73_CGNS_DBPWD,2026-11-28,2026-11-28,,2026-09-02T12:43:42.332179+00:00,2026-09-02T12:43:42.332179+00:00
227,ND,Informatica,Database Password Expiry,73,DEV,Database Password Expiry (Informatica),ENV73_INFA_DBPWD,2026-11-28,2026-11-28,,2026-09-02T12:43:42.332179+00:00,2026-09-02T12:43:42.332179+00:00
228,ND,Letters,Database Password Expiry,73,DEV,Database Password Expiry (Letters),ENV73_LTRS_DBPWD,2026-11-28,2026-11-28,,2026-09-02T12:43:42.332179+00:00,2026-09-02T12:43:42.332179+00:00
229,ND,App Server,Database Password Expiry,73,DEV,Database Password Expiry (App Server),ENV73_APPSRV_DBPWD,2026-11-28,2026-11-28,,2026-09-02T12:43:42.332179+00:00,2026-09-02T12:43:42.332179+00:00
230,ND,Core,Database Password Expiry,73,DEV,Database Password Expiry (Core),ENV73_CORE_DBPWD,2026-11-28,2026-11-28,,2026-09-02T12:43:42.332179+00:00,2026-09-02T12:43:42.332179+00:00
231,ND,Cognos,Software Versions & N-1 Tracking,73,DEV,Software Versions & N-1 Tracking (Cognos),ENV73_CGNS_SWVER,2026-11-28,2026-11-28,,2026-09-02T12:43:42.332179+00:00,2026-09-02T12:43:42.332179+00:00
232,ND,Informatica,Software Versions & N-1 Tracking,73,DEV,Software Versions & N-1 Tracking (Informatica),ENV73_INFA_SWVER,2026-11-28,2026-11-28,,2026-09-02T12:43:42.332179+00:00,2026-09-02T12:43:42.332179+00:00
233,ND,Letters,Software Versions & N-1 Tracking,73,DEV,Software Versions & N-1 Tracking (Letters),ENV73_LTRS_SWVER,2026-11-28,2026-11-28,,2026-09-02T12:43:42.332179+00:00,2026-09-02T12:43:42.332179+00:00
234,ND,App Server,Software Versions & N-1 Tracking,73,DEV,Software Versions & N-1 Tracking (App Server),ENV73_APPSRV_SWVER,2026-11-28,2026-11-28,,2026-09-02T12:43:42.332179+00:00,2026-09-02T12:43:42.332179+00:00
235,ND,Core,Software Versions & N-1 Tracking,73,DEV,Software Versions & N-1 Tracking (Core),ENV73_CORE_SWVER,2026-11-28,2026-11-28,,2026-09-02T12:43:42.332179+00:00,2026-09-02T12:43:42.332179+00:00
236,ND,Cognos,Upgrade & Patch Tasks,73,DEV,Upgrade & Patch Tasks (Cognos),ENV73_CGNS_PATCH,2026-11-28,2026-11-28,,2026-09-02T12:43:42.332179+00:00,2026-09-02T12:43:42.332179+00:00
237,ND,Informatica,Upgrade & Patch Tasks,73,DEV,Upgrade & Patch Tasks (Informatica),ENV73_INFA_PATCH,2026-11-28,2026-11-28,,2026-09-02T12:43:42.332179+00:00,2026-09-02T12:43:42.332179+00:00
238,ND,Letters,Upgrade & Patch Tasks,73,DEV,Upgrade & Patch Tasks (Letters),ENV73_LTRS_PATCH,2026-11-28,2026-11-28,,2026-09-02T12:43:42.332179+00:00,2026-09-02T12:43:42.332179+00:00
239,ND,App Server,Upgrade & Patch Tasks,73,DEV,Upgrade & Patch Tasks (App Server),ENV73_APPSRV_PATCH,2026-11-28,2026-11-28,,2026-09-02T12:43:42.332179+00:00,2026-09-02T12:43:42.332179+00:00
240,ND,Core,Upgrade & Patch Tasks,73,DEV,Upgrade & Patch Tasks (Core),ENV73_CORE_PATCH,2026-11-28,2026-11-28,,2026-09-02T12:43:42.332179+00:00,2026-09-02T12:43:42.332179+00:00
181,ND,Cognos,Crypto Keys & CA Certificates,19,DR,Crypto Keys & CA Certificates (Cognos),ENV19_CGNS_CRYPTO,2026-12-27,2026-12-27,,2026-09-02T12:43:42.332179+00:00,2026-09-02T12:43:42.332179+00:00
182,ND,Informatica,Crypto Keys & CA Certificates,19,DR,Crypto Keys & CA Certificates (Informatica),ENV19_INFA_CRYPTO,2026-12-27,2026-12-27,,2026-09-02T12:43:42.332179+00:00,2026-09-02T12:43:42.332179+00:00
183,ND,Letters,Crypto Keys & CA Certificates,19,DR,Crypto Keys & CA Certificates (Letters),ENV19_LTRS_CRYPTO,2026-12-27,2026-12-27,,2026-09-02T12:43:42.332179+00:00,2026-09-02T12:43:42.332179+00:00
184,ND,App Server,Crypto Keys & CA Certificates,19,DR,Crypto Keys & CA Certificates (App Server),ENV19_APPSRV_CRYPTO,2026-12-27,2026-12-27,,2026-09-02T12:43:42.332179+00:00,2026-09-02T12:43:42.332179+00:00
185,ND,Core,Crypto Keys & CA Certificates,19,DR,Crypto Keys & CA Certificates (Core),ENV19_CORE_CRYPTO,2026-12-27,2026-12-27,,2026-09-02T12:43:42.332179+00:00,2026-09-02T12:43:42.332179+00:00
186,ND,Cognos,Database Password Expiry,19,DR,Database Password Expiry (Cognos),ENV19_CGNS_DBPWD,2026-12-27,2026-12-27,,2026-09-02T12:43:42.332179+00:00,2026-09-02T12:43:42.332179+00:00
187,ND,Informatica,Database Password Expiry,19,DR,Database Password Expiry (Informatica),ENV19_INFA_DBPWD,2026-12-27,2026-12-27,,2026-09-02T12:43:42.332179+00:00,2026-09-02T12:43:42.332179+00:00
188,ND,Letters,Database Password Expiry,19,DR,Database Password Expiry (Letters),ENV19_LTRS_DBPWD,2026-12-27,2026-12-27,,2026-09-02T12:43:42.332179+00:00,2026-09-02T12:43:42.332179+00:00
189,ND,App Server,Database Password Expiry,19,DR,Database Password Expiry (App Server),ENV19_APPSRV_DBPWD,2026-12-27,2026-12-27,,2026-09-02T12:43:42.332179+00:00,2026-09-02T12:43:42.332179+00:00
190,ND,Core,Database Password Expiry,19,DR,Database Password Expiry (Core),ENV19_CORE_DBPWD,2026-12-27,2026-12-27,,2026-09-02T12:43:42.332179+00:00,2026-09-02T12:43:42.332179+00:00
296,ND,Cognos,Upgrade & Patch Tasks,77,UAT,Upgrade & Patch Tasks (Cognos),ENV77_CGNS_PATCH,2026-12-27,2026-12-27,,2026-09-02T12:43:42.332179+00:00,2026-09-02T12:43:42.332179+00:00
297,ND,Informatica,Upgrade & Patch Tasks,77,UAT,Upgrade & Patch Tasks (Informatica),ENV77_INFA_PATCH,2026-12-27,2026-12-27,,2026-09-02T12:43:42.332179+00:00,2026-09-02T12:43:42.332179+00:00
298,ND,Letters,Upgrade & Patch Tasks,77,UAT,Upgrade & Patch Tasks (Letters),ENV77_LTRS_PATCH,2026-12-27,2026-12-27,,2026-09-02T12:43:42.332179+00:00,2026-09-02T12:43:42.332179+00:00
299,ND,App Server,Upgrade & Patch Tasks,77,UAT,Upgrade & Patch Tasks (App Server),ENV77_APPSRV_PATCH,2026-12-27,2026-12-27,,2026-09-02T12:43:42.332179+00:00,2026-09-02T12:43:42.332179+00:00
300,ND,Core,Upgrade & Patch Tasks,77,UAT,Upgrade & Patch Tasks (Core),ENV77_CORE_PATCH,2026-12-27,2026-12-27,,2026-09-02T12:43:42.332179+00:00,2026-09-02T12:43:42.332179+00:00
266,ND,Cognos,Database Password Expiry,76,SIT,Database Password Expiry (Cognos),ENV76_CGNS_DBPWD,2027-01-26,2027-01-26,,2026-09-02T12:43:42.332179+00:00,2026-09-02T12:43:42.332179+00:00
267,ND,Informatica,Database Password Expiry,76,SIT,Database Password Expiry (Informatica),ENV76_INFA_DBPWD,2027-01-26,2027-01-26,,2026-09-02T12:43:42.332179+00:00,2026-09-02T12:43:42.332179+00:00
268,ND,Letters,Database Password Expiry,76,SIT,Database Password Expiry (Letters),ENV76_LTRS_DBPWD,2027-01-26,2027-01-26,,2026-09-02T12:43:42.332179+00:00,2026-09-02T12:43:42.332179+00:00
269,ND,App Server,Database Password Expiry,76,SIT,Database Password Expiry (App Server),ENV76_APPSRV_DBPWD,2027-01-26,2027-01-26,,2026-09-02T12:43:42.332179+00:00,2026-09-02T12:43:42.332179+00:00
270,ND,Core,Database Password Expiry,76,SIT,Database Password Expiry (Core),ENV76_CORE_DBPWD,2027-01-26,2027-01-26,,2026-09-02T12:43:42.332179+00:00,2026-09-02T12:43:42.332179+00:00
446,NH,Cognos,Database Password Expiry,57,SIT,Database Password Expiry (Cognos),ENV57_CGNS_DBPWD,2027-02-01,2027-02-01,,2026-09-02T12:43:42.332179+00:00,2026-09-02T12:43:42.332179+00:00
447,NH,Informatica,Database Password Expiry,57,SIT,Database Password Expiry (Informatica),ENV57_INFA_DBPWD,2027-02-01,2027-02-01,,2026-09-02T12:43:42.332179+00:00,2026-09-02T12:43:42.332179+00:00
448,NH,Letters,Database Password Expiry,57,SIT,Database Password Expiry (Letters),ENV57_LTRS_DBPWD,2027-02-01,2027-02-01,,2026-09-02T12:43:42.332179+00:00,2026-09-02T12:43:42.332179+00:00
449,NH,App Server,Database Password Expiry,57,SIT,Database Password Expiry (App Server),ENV57_APPSRV_DBPWD,2027-02-01,2027-02-01,,2026-09-02T12:43:42.332179+00:00,2026-09-02T12:43:42.332179+00:00
450,NH,Core,Database Password Expiry,57,SIT,Database Password Expiry (Core),ENV57_CORE_DBPWD,2027-02-01,2027-02-01,,2026-09-02T12:43:42.332179+00:00,2026-09-02T12:43:42.332179+00:00
91,AK,Cognos,Software Versions & N-1 Tracking,37,MO,Software Versions & N-1 Tracking (Cognos),ENV37_CGNS_SWVER,2027-03-08,2027-03-08,,2026-09-02T12:43:42.332179+00:00,2026-09-02T12:43:42.332179+00:00
92,AK,Informatica,Software Versions & N-1 Tracking,37,MO,Software Versions & N-1 Tracking (Informatica),ENV37_INFA_SWVER,2027-03-08,2027-03-08,,2026-09-02T12:43:42.332179+00:00,2026-09-02T12:43:42.332179+00:00
93,AK,Letters,Software Versions & N-1 Tracking,37,MO,Software Versions & N-1 Tracking (Letters),ENV37_LTRS_SWVER,2027-03-08,2027-03-08,,2026-09-02T12:43:42.332179+00:00,2026-09-02T12:43:42.332179+00:00
94,AK,App Server,Software Versions & N-1 Tracking,37,MO,Software Versions & N-1 Tracking (App Server),ENV37_APPSRV_SWVER,2027-03-08,2027-03-08,,2026-09-02T12:43:42.332179+00:00,2026-09-02T12:43:42.332179+00:00
95,AK,Core,Software Versions & N-1 Tracking,37,MO,Software Versions & N-1 Tracking (Core),ENV37_CORE_SWVER,2027-03-08,2027-03-08,,2026-09-02T12:43:42.332179+00:00,2026-09-02T12:43:42.332179+00:00
421,NH,Cognos,Crypto Keys & CA Certificates,54,DEV,Crypto Keys & CA Certificates (Cognos),ENV54_CGNS_CRYPTO,2027-04-14,2027-04-14,,2026-09-02T12:43:42.332179+00:00,2026-09-02T12:43:42.332179+00:00
422,NH,Informatica,Crypto Keys & CA Certificates,54,DEV,Crypto Keys & CA Certificates (Informatica),ENV54_INFA_CRYPTO,2027-04-14,2027-04-14,,2026-09-02T12:43:42.332179+00:00,2026-09-02T12:43:42.332179+00:00
423,NH,Letters,Crypto Keys & CA Certificates,54,DEV,Crypto Keys & CA Certificates (Letters),ENV54_LTRS_CRYPTO,2027-04-14,2027-04-14,,2026-09-02T12:43:42.332179+00:00,2026-09-02T12:43:42.332179+00:00
424,NH,App Server,Crypto Keys & CA Certificates,54,DEV,Crypto Keys & CA Certificates (App Server),ENV54_APPSRV_CRYPTO,2027-04-14,2027-04-14,,2026-09-02T12:43:42.332179+00:00,2026-09-02T12:43:42.332179+00:00
425,NH,Core,Crypto Keys & CA Certificates,54,DEV,Crypto Keys & CA Certificates (Core),ENV54_CORE_CRYPTO,2027-04-14,2027-04-14,,2026-09-02T12:43:42.332179+00:00,2026-09-02T12:43:42.332179+00:00
431,NH,Cognos,Software Versions & N-1 Tracking,54,DEV,Software Versions & N-1 Tracking (Cognos),ENV54_CGNS_SWVER,2027-04-14,2027-04-14,,2026-09-02T12:43:42.332179+00:00,2026-09-02T12:43:42.332179+00:00
432,NH,Informatica,Software Versions & N-1 Tracking,54,DEV,Software Versions & N-1 Tracking (Informatica),ENV54_INFA_SWVER,2027-04-14,2027-04-14,,2026-09-02T12:43:42.332179+00:00,2026-09-02T12:43:42.332179+00:00
433,NH,Letters,Software Versions & N-1 Tracking,54,DEV,Software Versions & N-1 Tracking (Letters),ENV54_LTRS_SWVER,2027-04-14,2027-04-14,,2026-09-02T12:43:42.332179+00:00,2026-09-02T12:43:42.332179+00:00
434,NH,App Server,Software Versions & N-1 Tracking,54,DEV,Software Versions & N-1 Tracking (App Server),ENV54_APPSRV_SWVER,2027-04-14,2027-04-14,,2026-09-02T12:43:42.332179+00:00,2026-09-02T12:43:42.332179+00:00
435,NH,Core,Software Versions & N-1 Tracking,54,DEV,Software Versions & N-1 Tracking (Core),ENV54_CORE_SWVER,2027-04-14,2027-04-14,,2026-09-02T12:43:42.332179+00:00,2026-09-02T12:43:42.332179+00:00
436,NH,Cognos,Upgrade & Patch Tasks,54,DEV,Upgrade & Patch Tasks (Cognos),ENV54_CGNS_PATCH,2027-04-14,2027-04-14,,2026-09-02T12:43:42.332179+00:00,2026-09-02T12:43:42.332179+00:00
437,NH,Informatica,Upgrade & Patch Tasks,54,DEV,Upgrade & Patch Tasks (Informatica),ENV54_INFA_PATCH,2027-04-14,2027-04-14,,2026-09-02T12:43:42.332179+00:00,2026-09-02T12:43:42.332179+00:00
438,NH,Letters,Upgrade & Patch Tasks,54,DEV,Upgrade & Patch Tasks (Letters),ENV54_LTRS_PATCH,2027-04-14,2027-04-14,,2026-09-02T12:43:42.332179+00:00,2026-09-02T12:43:42.332179+00:00
439,NH,App Server,Upgrade & Patch Tasks,54,DEV,Upgrade & Patch Tasks (App Server),ENV54_APPSRV_PATCH,2027-04-14,2027-04-14,,2026-09-02T12:43:42.332179+00:00,2026-09-02T12:43:42.332179+00:00
440,NH,Core,Upgrade & Patch Tasks,54,DEV,Upgrade & Patch Tasks (Core),ENV54_CORE_PATCH,2027-04-14,2027-04-14,,2026-09-02T12:43:42.332179+00:00,2026-09-02T12:43:42.332179+00:00
461,NH,Cognos,Crypto Keys & CA Certificates,58,MO,Crypto Keys & CA Certificates (Cognos),ENV58_CGNS_CRYPTO,2027-04-14,2027-04-14,,2026-09-02T12:43:42.332179+00:00,2026-09-02T12:43:42.332179+00:00
462,NH,Informatica,Crypto Keys & CA Certificates,58,MO,Crypto Keys & CA Certificates (Informatica),ENV58_INFA_CRYPTO,2027-04-14,2027-04-14,,2026-09-02T12:43:42.332179+00:00,2026-09-02T12:43:42.332179+00:00
463,NH,Letters,Crypto Keys & CA Certificates,58,MO,Crypto Keys & CA Certificates (Letters),ENV58_LTRS_CRYPTO,2027-04-14,2027-04-14,,2026-09-02T12:43:42.332179+00:00,2026-09-02T12:43:42.332179+00:00
464,NH,App Server,Crypto Keys & CA Certificates,58,MO,Crypto Keys & CA Certificates (App Server),ENV58_APPSRV_CRYPTO,2027-04-14,2027-04-14,,2026-09-02T12:43:42.332179+00:00,2026-09-02T12:43:42.332179+00:00
465,NH,Core,Crypto Keys & CA Certificates,58,MO,Crypto Keys & CA Certificates (Core),ENV58_CORE_CRYPTO,2027-04-14,2027-04-14,,2026-09-02T12:43:42.332179+00:00,2026-09-02T12:43:42.332179+00:00
471,NH,Cognos,Software Versions & N-1 Tracking,58,MO,Software Versions & N-1 Tracking (Cognos),ENV58_CGNS_SWVER,2027-04-14,2027-04-14,,2026-09-02T12:43:42.332179+00:00,2026-09-02T12:43:42.332179+00:00
472,NH,Informatica,Software Versions & N-1 Tracking,58,MO,Software Versions & N-1 Tracking (Informatica),ENV58_INFA_SWVER,2027-04-14,2027-04-14,,2026-09-02T12:43:42.332179+00:00,2026-09-02T12:43:42.332179+00:00
473,NH,Letters,Software Versions & N-1 Tracking,58,MO,Software Versions & N-1 Tracking (Letters),ENV58_LTRS_SWVER,2027-04-14,2027-04-14,,2026-09-02T12:43:42.332179+00:00,2026-09-02T12:43:42.332179+00:00
474,NH,App Server,Software Versions & N-1 Tracking,58,MO,Software Versions & N-1 Tracking (App Server),ENV58_APPSRV_SWVER,2027-04-14,2027-04-14,,2026-09-02T12:43:42.332179+00:00,2026-09-02T12:43:42.332179+00:00
475,NH,Core,Software Versions & N-1 Tracking,58,MO,Software Versions & N-1 Tracking (Core),ENV58_CORE_SWVER,2027-04-14,2027-04-14,,2026-09-02T12:43:42.332179+00:00,2026-09-02T12:43:42.332179+00:00
476,NH,Cognos,Upgrade & Patch Tasks,58,MO,Upgrade & Patch Tasks (Cognos),ENV58_CGNS_PATCH,2027-04-14,2027-04-14,,2026-09-02T12:43:42.332179+00:00,2026-09-02T12:43:42.332179+00:00
477,NH,Informatica,Upgrade & Patch Tasks,58,MO,Upgrade & Patch Tasks (Informatica),ENV58_INFA_PATCH,2027-04-14,2027-04-14,,2026-09-02T12:43:42.332179+00:00,2026-09-02T12:43:42.332179+00:00
478,NH,Letters,Upgrade & Patch Tasks,58,MO,Upgrade & Patch Tasks (Letters),ENV58_LTRS_PATCH,2027-04-14,2027-04-14,,2026-09-02T12:43:42.332179+00:00,2026-09-02T12:43:42.332179+00:00
479,NH,App Server,Upgrade & Patch Tasks,58,MO,Upgrade & Patch Tasks (App Server),ENV58_APPSRV_PATCH,2027-04-14,2027-04-14,,2026-09-02T12:43:42.332179+00:00,2026-09-02T12:43:42.332179+00:00
480,NH,Core,Upgrade & Patch Tasks,58,MO,Upgrade & Patch Tasks (Core),ENV58_CORE_PATCH,2027-04-14,2027-04-14,,2026-09-02T12:43:42.332179+00:00,2026-09-02T12:43:42.332179+00:00
146,AK,Cognos,Database Password Expiry,40,DR,Database Password Expiry (Cognos),ENV40_CGNS_DBPWD,2027-04-20,2027-04-20,,2026-09-02T12:43:42.332179+00:00,2026-09-02T12:43:42.332179+00:00
147,AK,Informatica,Database Password Expiry,40,DR,Database Password Expiry (Informatica),ENV40_INFA_DBPWD,2027-04-20,2027-04-20,,2026-09-02T12:43:42.332179+00:00,2026-09-02T12:43:42.332179+00:00
148,AK,Letters,Database Password Expiry,40,DR,Database Password Expiry (Letters),ENV40_LTRS_DBPWD,2027-04-20,2027-04-20,,2026-09-02T12:43:42.332179+00:00,2026-09-02T12:43:42.332179+00:00
149,AK,App Server,Database Password Expiry,40,DR,Database Password Expiry (App Server),ENV40_APPSRV_DBPWD,2027-04-20,2027-04-20,,2026-09-02T12:43:42.332179+00:00,2026-09-02T12:43:42.332179+00:00
150,AK,Core,Database Password Expiry,40,DR,Database Password Expiry (Core),ENV40_CORE_DBPWD,2027-04-20,2027-04-20,,2026-09-02T12:43:42.332179+00:00,2026-09-02T12:43:42.332179+00:00
46,AK,Cognos,Database Password Expiry,33,DEV,Database Password Expiry (Cognos),ENV33_CGNS_DBPWD,2027-04-27,2027-04-27,,2026-09-02T12:43:42.332179+00:00,2026-09-02T12:43:42.332179+00:00
47,AK,Informatica,Database Password Expiry,33,DEV,Database Password Expiry (Informatica),ENV33_INFA_DBPWD,2027-04-27,2027-04-27,,2026-09-02T12:43:42.332179+00:00,2026-09-02T12:43:42.332179+00:00
48,AK,Letters,Database Password Expiry,33,DEV,Database Password Expiry (Letters),ENV33_LTRS_DBPWD,2027-04-27,2027-04-27,,2026-09-02T12:43:42.332179+00:00,2026-09-02T12:43:42.332179+00:00
49,AK,App Server,Database Password Expiry,33,DEV,Database Password Expiry (App Server),ENV33_APPSRV_DBPWD,2027-04-27,2027-04-27,,2026-09-02T12:43:42.332179+00:00,2026-09-02T12:43:42.332179+00:00
50,AK,Core,Database Password Expiry,33,DEV,Database Password Expiry (Core),ENV33_CORE_DBPWD,2027-04-27,2027-04-27,,2026-09-02T12:43:42.332179+00:00,2026-09-02T12:43:42.332179+00:00
216,ND,Cognos,Upgrade & Patch Tasks,21,MO,Upgrade & Patch Tasks (Cognos),ENV21_CGNS_PATCH,2027-04-27,2027-04-27,,2026-09-02T12:43:42.332179+00:00,2026-09-02T12:43:42.332179+00:00
217,ND,Informatica,Upgrade & Patch Tasks,21,MO,Upgrade & Patch Tasks (Informatica),ENV21_INFA_PATCH,2027-04-27,2027-04-27,,2026-09-02T12:43:42.332179+00:00,2026-09-02T12:43:42.332179+00:00
218,ND,Letters,Upgrade & Patch Tasks,21,MO,Upgrade & Patch Tasks (Letters),ENV21_LTRS_PATCH,2027-04-27,2027-04-27,,2026-09-02T12:43:42.332179+00:00,2026-09-02T12:43:42.332179+00:00
219,ND,App Server,Upgrade & Patch Tasks,21,MO,Upgrade & Patch Tasks (App Server),ENV21_APPSRV_PATCH,2027-04-27,2027-04-27,,2026-09-02T12:43:42.332179+00:00,2026-09-02T12:43:42.332179+00:00
220,ND,Core,Upgrade & Patch Tasks,21,MO,Upgrade & Patch Tasks (Core),ENV21_CORE_PATCH,2027-04-27,2027-04-27,,2026-09-02T12:43:42.332179+00:00,2026-09-02T12:43:42.332179+00:00
261,ND,Cognos,Crypto Keys & CA Certificates,76,SIT,Crypto Keys & CA Certificates (Cognos),ENV76_CGNS_CRYPTO,2027-04-27,2027-04-27,,2026-09-02T12:43:42.332179+00:00,2026-09-02T12:43:42.332179+00:00
262,ND,Informatica,Crypto Keys & CA Certificates,76,SIT,Crypto Keys & CA Certificates (Informatica),ENV76_INFA_CRYPTO,2027-04-27,2027-04-27,,2026-09-02T12:43:42.332179+00:00,2026-09-02T12:43:42.332179+00:00
263,ND,Letters,Crypto Keys & CA Certificates,76,SIT,Crypto Keys & CA Certificates (Letters),ENV76_LTRS_CRYPTO,2027-04-27,2027-04-27,,2026-09-02T12:43:42.332179+00:00,2026-09-02T12:43:42.332179+00:00
264,ND,App Server,Crypto Keys & CA Certificates,76,SIT,Crypto Keys & CA Certificates (App Server),ENV76_APPSRV_CRYPTO,2027-04-27,2027-04-27,,2026-09-02T12:43:42.332179+00:00,2026-09-02T12:43:42.332179+00:00
265,ND,Core,Crypto Keys & CA Certificates,76,SIT,Crypto Keys & CA Certificates (Core),ENV76_CORE_CRYPTO,2027-04-27,2027-04-27,,2026-09-02T12:43:42.332179+00:00,2026-09-02T12:43:42.332179+00:00
271,ND,Cognos,Software Versions & N-1 Tracking,76,SIT,Software Versions & N-1 Tracking (Cognos),ENV76_CGNS_SWVER,2027-04-27,2027-04-27,,2026-09-02T12:43:42.332179+00:00,2026-09-02T12:43:42.332179+00:00
272,ND,Informatica,Software Versions & N-1 Tracking,76,SIT,Software Versions & N-1 Tracking (Informatica),ENV76_INFA_SWVER,2027-04-27,2027-04-27,,2026-09-02T12:43:42.332179+00:00,2026-09-02T12:43:42.332179+00:00
273,ND,Letters,Software Versions & N-1 Tracking,76,SIT,Software Versions & N-1 Tracking (Letters),ENV76_LTRS_SWVER,2027-04-27,2027-04-27,,2026-09-02T12:43:42.332179+00:00,2026-09-02T12:43:42.332179+00:00
274,ND,App Server,Software Versions & N-1 Tracking,76,SIT,Software Versions & N-1 Tracking (App Server),ENV76_APPSRV_SWVER,2027-04-27,2027-04-27,,2026-09-02T12:43:42.332179+00:00,2026-09-02T12:43:42.332179+00:00
275,ND,Core,Software Versions & N-1 Tracking,76,SIT,Software Versions & N-1 Tracking (Core),ENV76_CORE_SWVER,2027-04-27,2027-04-27,,2026-09-02T12:43:42.332179+00:00,2026-09-02T12:43:42.332179+00:00
86,AK,Cognos,Database Password Expiry,37,MO,Database Password Expiry (Cognos),ENV37_CGNS_DBPWD,2027-04-29,2027-04-29,,2026-09-02T12:43:42.332179+00:00,2026-09-02T12:43:42.332179+00:00
87,AK,Informatica,Database Password Expiry,37,MO,Database Password Expiry (Informatica),ENV37_INFA_DBPWD,2027-04-29,2027-04-29,,2026-09-02T12:43:42.332179+00:00,2026-09-02T12:43:42.332179+00:00
88,AK,Letters,Database Password Expiry,37,MO,Database Password Expiry (Letters),ENV37_LTRS_DBPWD,2027-04-29,2027-04-29,,2026-09-02T12:43:42.332179+00:00,2026-09-02T12:43:42.332179+00:00
89,AK,App Server,Database Password Expiry,37,MO,Database Password Expiry (App Server),ENV37_APPSRV_DBPWD,2027-04-29,2027-04-29,,2026-09-02T12:43:42.332179+00:00,2026-09-02T12:43:42.332179+00:00
90,AK,Core,Database Password Expiry,37,MO,Database Password Expiry (Core),ENV37_CORE_DBPWD,2027-04-29,2027-04-29,,2026-09-02T12:43:42.332179+00:00,2026-09-02T12:43:42.332179+00:00
381,NH,Cognos,Crypto Keys & CA Certificates,52,DEV,Crypto Keys & CA Certificates (Cognos),ENV52_CGNS_CRYPTO,2027-05-13,2027-05-13,,2026-09-02T12:43:42.332179+00:00,2026-09-02T12:43:42.332179+00:00
382,NH,Informatica,Crypto Keys & CA Certificates,52,DEV,Crypto Keys & CA Certificates (Informatica),ENV52_INFA_CRYPTO,2027-05-13,2027-05-13,,2026-09-02T12:43:42.332179+00:00,2026-09-02T12:43:42.332179+00:00
383,NH,Letters,Crypto Keys & CA Certificates,52,DEV,Crypto Keys & CA Certificates (Letters),ENV52_LTRS_CRYPTO,2027-05-13,2027-05-13,,2026-09-02T12:43:42.332179+00:00,2026-09-02T12:43:42.332179+00:00
384,NH,App Server,Crypto Keys & CA Certificates,52,DEV,Crypto Keys & CA Certificates (App Server),ENV52_APPSRV_CRYPTO,2027-05-13,2027-05-13,,2026-09-02T12:43:42.332179+00:00,2026-09-02T12:43:42.332179+00:00
385,NH,Core,Crypto Keys & CA Certificates,52,DEV,Crypto Keys & CA Certificates (Core),ENV52_CORE_CRYPTO,2027-05-13,2027-05-13,,2026-09-02T12:43:42.332179+00:00,2026-09-02T12:43:42.332179+00:00
391,NH,Cognos,Software Versions & N-1 Tracking,52,DEV,Software Versions & N-1 Tracking (Cognos),ENV52_CGNS_SWVER,2027-05-13,2027-05-13,,2026-09-02T12:43:42.332179+00:00,2026-09-02T12:43:42.332179+00:00
392,NH,Informatica,Software Versions & N-1 Tracking,52,DEV,Software Versions & N-1 Tracking (Informatica),ENV52_INFA_SWVER,2027-05-13,2027-05-13,,2026-09-02T12:43:42.332179+00:00,2026-09-02T12:43:42.332179+00:00
393,NH,Letters,Software Versions & N-1 Tracking,52,DEV,Software Versions & N-1 Tracking (Letters),ENV52_LTRS_SWVER,2027-05-13,2027-05-13,,2026-09-02T12:43:42.332179+00:00,2026-09-02T12:43:42.332179+00:00
394,NH,App Server,Software Versions & N-1 Tracking,52,DEV,Software Versions & N-1 Tracking (App Server),ENV52_APPSRV_SWVER,2027-05-13,2027-05-13,,2026-09-02T12:43:42.332179+00:00,2026-09-02T12:43:42.332179+00:00
395,NH,Core,Software Versions & N-1 Tracking,52,DEV,Software Versions & N-1 Tracking (Core),ENV52_CORE_SWVER,2027-05-13,2027-05-13,,2026-09-02T12:43:42.332179+00:00,2026-09-02T12:43:42.332179+00:00
396,NH,Cognos,Upgrade & Patch Tasks,52,DEV,Upgrade & Patch Tasks (Cognos),ENV52_CGNS_PATCH,2027-05-13,2027-05-13,,2026-09-02T12:43:42.332179+00:00,2026-09-02T12:43:42.332179+00:00
397,NH,Informatica,Upgrade & Patch Tasks,52,DEV,Upgrade & Patch Tasks (Informatica),ENV52_INFA_PATCH,2027-05-13,2027-05-13,,2026-09-02T12:43:42.332179+00:00,2026-09-02T12:43:42.332179+00:00
398,NH,Letters,Upgrade & Patch Tasks,52,DEV,Upgrade & Patch Tasks (Letters),ENV52_LTRS_PATCH,2027-05-13,2027-05-13,,2026-09-02T12:43:42.332179+00:00,2026-09-02T12:43:42.332179+00:00
399,NH,App Server,Upgrade & Patch Tasks,52,DEV,Upgrade & Patch Tasks (App Server),ENV52_APPSRV_PATCH,2027-05-13,2027-05-13,,2026-09-02T12:43:42.332179+00:00,2026-09-02T12:43:42.332179+00:00
400,NH,Core,Upgrade & Patch Tasks,52,DEV,Upgrade & Patch Tasks (Core),ENV52_CORE_PATCH,2027-05-13,2027-05-13,,2026-09-02T12:43:42.332179+00:00,2026-09-02T12:43:42.332179+00:00
176,ND,Cognos,Upgrade & Patch Tasks,16,DR,Upgrade & Patch Tasks (Cognos),ENV16_CGNS_PATCH,2027-06-09,2027-06-09,,2026-09-02T12:43:42.332179+00:00,2026-09-02T12:43:42.332179+00:00
177,ND,Informatica,Upgrade & Patch Tasks,16,DR,Upgrade & Patch Tasks (Informatica),ENV16_INFA_PATCH,2027-06-09,2027-06-09,,2026-09-02T12:43:42.332179+00:00,2026-09-02T12:43:42.332179+00:00
178,ND,Letters,Upgrade & Patch Tasks,16,DR,Upgrade & Patch Tasks (Letters),ENV16_LTRS_PATCH,2027-06-09,2027-06-09,,2026-09-02T12:43:42.332179+00:00,2026-09-02T12:43:42.332179+00:00
179,ND,App Server,Upgrade & Patch Tasks,16,DR,Upgrade & Patch Tasks (App Server),ENV16_APPSRV_PATCH,2027-06-09,2027-06-09,,2026-09-02T12:43:42.332179+00:00,2026-09-02T12:43:42.332179+00:00
180,ND,Core,Upgrade & Patch Tasks,16,DR,Upgrade & Patch Tasks (Core),ENV16_CORE_PATCH,2027-06-09,2027-06-09,,2026-09-02T12:43:42.332179+00:00,2026-09-02T12:43:42.332179+00:00
281,ND,Cognos,Crypto Keys & CA Certificates,77,UAT,Crypto Keys & CA Certificates (Cognos),ENV77_CGNS_CRYPTO,2027-06-09,2027-06-09,,2026-09-02T12:43:42.332179+00:00,2026-09-02T12:43:42.332179+00:00
282,ND,Informatica,Crypto Keys & CA Certificates,77,UAT,Crypto Keys & CA Certificates (Informatica),ENV77_INFA_CRYPTO,2027-06-09,2027-06-09,,2026-09-02T12:43:42.332179+00:00,2026-09-02T12:43:42.332179+00:00
283,ND,Letters,Crypto Keys & CA Certificates,77,UAT,Crypto Keys & CA Certificates (Letters),ENV77_LTRS_CRYPTO,2027-06-09,2027-06-09,,2026-09-02T12:43:42.332179+00:00,2026-09-02T12:43:42.332179+00:00
284,ND,App Server,Crypto Keys & CA Certificates,77,UAT,Crypto Keys & CA Certificates (App Server),ENV77_APPSRV_CRYPTO,2027-06-09,2027-06-09,,2026-09-02T12:43:42.332179+00:00,2026-09-02T12:43:42.332179+00:00
285,ND,Core,Crypto Keys & CA Certificates,77,UAT,Crypto Keys & CA Certificates (Core),ENV77_CORE_CRYPTO,2027-06-09,2027-06-09,,2026-09-02T12:43:42.332179+00:00,2026-09-02T12:43:42.332179+00:00
291,ND,Cognos,Software Versions & N-1 Tracking,77,UAT,Software Versions & N-1 Tracking (Cognos),ENV77_CGNS_SWVER,2027-06-09,2027-06-09,,2026-09-02T12:43:42.332179+00:00,2026-09-02T12:43:42.332179+00:00
292,ND,Informatica,Software Versions & N-1 Tracking,77,UAT,Software Versions & N-1 Tracking (Informatica),ENV77_INFA_SWVER,2027-06-09,2027-06-09,,2026-09-02T12:43:42.332179+00:00,2026-09-02T12:43:42.332179+00:00
293,ND,Letters,Software Versions & N-1 Tracking,77,UAT,Software Versions & N-1 Tracking (Letters),ENV77_LTRS_SWVER,2027-06-09,2027-06-09,,2026-09-02T12:43:42.332179+00:00,2026-09-02T12:43:42.332179+00:00
294,ND,App Server,Software Versions & N-1 Tracking,77,UAT,Software Versions & N-1 Tracking (App Server),ENV77_APPSRV_SWVER,2027-06-09,2027-06-09,,2026-09-02T12:43:42.332179+00:00,2026-09-02T12:43:42.332179+00:00
295,ND,Core,Software Versions & N-1 Tracking,77,UAT,Software Versions & N-1 Tracking (Core),ENV77_CORE_SWVER,2027-06-09,2027-06-09,,2026-09-02T12:43:42.332179+00:00,2026-09-02T12:43:42.332179+00:00
276,ND,Cognos,Upgrade & Patch Tasks,76,SIT,Upgrade & Patch Tasks (Cognos),ENV76_CGNS_PATCH,2027-06-10,2027-06-10,,2026-09-02T12:43:42.332179+00:00,2026-09-02T12:43:42.332179+00:00
277,ND,Informatica,Upgrade & Patch Tasks,76,SIT,Upgrade & Patch Tasks (Informatica),ENV76_INFA_PATCH,2027-06-10,2027-06-10,,2026-09-02T12:43:42.332179+00:00,2026-09-02T12:43:42.332179+00:00
278,ND,Letters,Upgrade & Patch Tasks,76,SIT,Upgrade & Patch Tasks (Letters),ENV76_LTRS_PATCH,2027-06-10,2027-06-10,,2026-09-02T12:43:42.332179+00:00,2026-09-02T12:43:42.332179+00:00
279,ND,App Server,Upgrade & Patch Tasks,76,SIT,Upgrade & Patch Tasks (App Server),ENV76_APPSRV_PATCH,2027-06-10,2027-06-10,,2026-09-02T12:43:42.332179+00:00,2026-09-02T12:43:42.332179+00:00
280,ND,Core,Upgrade & Patch Tasks,76,SIT,Upgrade & Patch Tasks (Core),ENV76_CORE_PATCH,2027-06-10,2027-06-10,,2026-09-02T12:43:42.332179+00:00,2026-09-02T12:43:42.332179+00:00
301,ND,Cognos,Crypto Keys & CA Certificates,78,MO,Crypto Keys & CA Certificates (Cognos),ENV78_CGNS_CRYPTO,2027-06-10,2027-06-10,,2026-09-02T12:43:42.332179+00:00,2026-09-02T12:43:42.332179+00:00
302,ND,Informatica,Crypto Keys & CA Certificates,78,MO,Crypto Keys & CA Certificates (Informatica),ENV78_INFA_CRYPTO,2027-06-10,2027-06-10,,2026-09-02T12:43:42.332179+00:00,2026-09-02T12:43:42.332179+00:00
303,ND,Letters,Crypto Keys & CA Certificates,78,MO,Crypto Keys & CA Certificates (Letters),ENV78_LTRS_CRYPTO,2027-06-10,2027-06-10,,2026-09-02T12:43:42.332179+00:00,2026-09-02T12:43:42.332179+00:00
304,ND,App Server,Crypto Keys & CA Certificates,78,MO,Crypto Keys & CA Certificates (App Server),ENV78_APPSRV_CRYPTO,2027-06-10,2027-06-10,,2026-09-02T12:43:42.332179+00:00,2026-09-02T12:43:42.332179+00:00
305,ND,Core,Crypto Keys & CA Certificates,78,MO,Crypto Keys & CA Certificates (Core),ENV78_CORE_CRYPTO,2027-06-10,2027-06-10,,2026-09-02T12:43:42.332179+00:00,2026-09-02T12:43:42.332179+00:00
401,NH,Cognos,Crypto Keys & CA Certificates,53,SIT,Crypto Keys & CA Certificates (Cognos),ENV53_CGNS_CRYPTO,2027-06-13,2027-06-13,,2026-09-02T12:43:42.332179+00:00,2026-09-02T12:43:42.332179+00:00
402,NH,Informatica,Crypto Keys & CA Certificates,53,SIT,Crypto Keys & CA Certificates (Informatica),ENV53_INFA_CRYPTO,2027-06-13,2027-06-13,,2026-09-02T12:43:42.332179+00:00,2026-09-02T12:43:42.332179+00:00
403,NH,Letters,Crypto Keys & CA Certificates,53,SIT,Crypto Keys & CA Certificates (Letters),ENV53_LTRS_CRYPTO,2027-06-13,2027-06-13,,2026-09-02T12:43:42.332179+00:00,2026-09-02T12:43:42.332179+00:00
404,NH,App Server,Crypto Keys & CA Certificates,53,SIT,Crypto Keys & CA Certificates (App Server),ENV53_APPSRV_CRYPTO,2027-06-13,2027-06-13,,2026-09-02T12:43:42.332179+00:00,2026-09-02T12:43:42.332179+00:00
405,NH,Core,Crypto Keys & CA Certificates,53,SIT,Crypto Keys & CA Certificates (Core),ENV53_CORE_CRYPTO,2027-06-13,2027-06-13,,2026-09-02T12:43:42.332179+00:00,2026-09-02T12:43:42.332179+00:00
411,NH,Cognos,Software Versions & N-1 Tracking,53,SIT,Software Versions & N-1 Tracking (Cognos),ENV53_CGNS_SWVER,2027-06-13,2027-06-13,,2026-09-02T12:43:42.332179+00:00,2026-09-02T12:43:42.332179+00:00
412,NH,Informatica,Software Versions & N-1 Tracking,53,SIT,Software Versions & N-1 Tracking (Informatica),ENV53_INFA_SWVER,2027-06-13,2027-06-13,,2026-09-02T12:43:42.332179+00:00,2026-09-02T12:43:42.332179+00:00
413,NH,Letters,Software Versions & N-1 Tracking,53,SIT,Software Versions & N-1 Tracking (Letters),ENV53_LTRS_SWVER,2027-06-13,2027-06-13,,2026-09-02T12:43:42.332179+00:00,2026-09-02T12:43:42.332179+00:00
414,NH,App Server,Software Versions & N-1 Tracking,53,SIT,Software Versions & N-1 Tracking (App Server),ENV53_APPSRV_SWVER,2027-06-13,2027-06-13,,2026-09-02T12:43:42.332179+00:00,2026-09-02T12:43:42.332179+00:00
415,NH,Core,Software Versions & N-1 Tracking,53,SIT,Software Versions & N-1 Tracking (Core),ENV53_CORE_SWVER,2027-06-13,2027-06-13,,2026-09-02T12:43:42.332179+00:00,2026-09-02T12:43:42.332179+00:00
416,NH,Cognos,Upgrade & Patch Tasks,53,SIT,Upgrade & Patch Tasks (Cognos),ENV53_CGNS_PATCH,2027-06-13,2027-06-13,,2026-09-02T12:43:42.332179+00:00,2026-09-02T12:43:42.332179+00:00
417,NH,Informatica,Upgrade & Patch Tasks,53,SIT,Upgrade & Patch Tasks (Informatica),ENV53_INFA_PATCH,2027-06-13,2027-06-13,,2026-09-02T12:43:42.332179+00:00,2026-09-02T12:43:42.332179+00:00
418,NH,Letters,Upgrade & Patch Tasks,53,SIT,Upgrade & Patch Tasks (Letters),ENV53_LTRS_PATCH,2027-06-13,2027-06-13,,2026-09-02T12:43:42.332179+00:00,2026-09-02T12:43:42.332179+00:00
419,NH,App Server,Upgrade & Patch Tasks,53,SIT,Upgrade & Patch Tasks (App Server),ENV53_APPSRV_PATCH,2027-06-13,2027-06-13,,2026-09-02T12:43:42.332179+00:00,2026-09-02T12:43:42.332179+00:00
420,NH,Core,Upgrade & Patch Tasks,53,SIT,Upgrade & Patch Tasks (Core),ENV53_CORE_PATCH,2027-06-13,2027-06-13,,2026-09-02T12:43:42.332179+00:00,2026-09-02T12:43:42.332179+00:00
341,NH,Cognos,Crypto Keys & CA Certificates,4,UAT,Crypto Keys & CA Certificates (Cognos),ENV4_CGNS_CRYPTO,2027-06-28,2027-06-28,,2026-09-02T12:43:42.332179+00:00,2026-09-02T12:43:42.332179+00:00
342,NH,Informatica,Crypto Keys & CA Certificates,4,UAT,Crypto Keys & CA Certificates (Informatica),ENV4_INFA_CRYPTO,2027-06-28,2027-06-28,,2026-09-02T12:43:42.332179+00:00,2026-09-02T12:43:42.332179+00:00
343,NH,Letters,Crypto Keys & CA Certificates,4,UAT,Crypto Keys & CA Certificates (Letters),ENV4_LTRS_CRYPTO,2027-06-28,2027-06-28,,2026-09-02T12:43:42.332179+00:00,2026-09-02T12:43:42.332179+00:00
344,NH,App Server,Crypto Keys & CA Certificates,4,UAT,Crypto Keys & CA Certificates (App Server),ENV4_APPSRV_CRYPTO,2027-06-28,2027-06-28,,2026-09-02T12:43:42.332179+00:00,2026-09-02T12:43:42.332179+00:00
345,NH,Core,Crypto Keys & CA Certificates,4,UAT,Crypto Keys & CA Certificates (Core),ENV4_CORE_CRYPTO,2027-06-28,2027-06-28,,2026-09-02T12:43:42.332179+00:00,2026-09-02T12:43:42.332179+00:00
351,NH,Cognos,Software Versions & N-1 Tracking,4,UAT,Software Versions & N-1 Tracking (Cognos),ENV4_CGNS_SWVER,2027-06-28,2027-06-28,,2026-09-02T12:43:42.332179+00:00,2026-09-02T12:43:42.332179+00:00
352,NH,Informatica,Software Versions & N-1 Tracking,4,UAT,Software Versions & N-1 Tracking (Informatica),ENV4_INFA_SWVER,2027-06-28,2027-06-28,,2026-09-02T12:43:42.332179+00:00,2026-09-02T12:43:42.332179+00:00
353,NH,Letters,Software Versions & N-1 Tracking,4,UAT,Software Versions & N-1 Tracking (Letters),ENV4_LTRS_SWVER,2027-06-28,2027-06-28,,2026-09-02T12:43:42.332179+00:00,2026-09-02T12:43:42.332179+00:00
354,NH,App Server,Software Versions & N-1 Tracking,4,UAT,Software Versions & N-1 Tracking (App Server),ENV4_APPSRV_SWVER,2027-06-28,2027-06-28,,2026-09-02T12:43:42.332179+00:00,2026-09-02T12:43:42.332179+00:00
355,NH,Core,Software Versions & N-1 Tracking,4,UAT,Software Versions & N-1 Tracking (Core),ENV4_CORE_SWVER,2027-06-28,2027-06-28,,2026-09-02T12:43:42.332179+00:00,2026-09-02T12:43:42.332179+00:00
356,NH,Cognos,Upgrade & Patch Tasks,4,UAT,Upgrade & Patch Tasks (Cognos),ENV4_CGNS_PATCH,2027-06-28,2027-06-28,,2026-09-02T12:43:42.332179+00:00,2026-09-02T12:43:42.332179+00:00
357,NH,Informatica,Upgrade & Patch Tasks,4,UAT,Upgrade & Patch Tasks (Informatica),ENV4_INFA_PATCH,2027-06-28,2027-06-28,,2026-09-02T12:43:42.332179+00:00,2026-09-02T12:43:42.332179+00:00
358,NH,Letters,Upgrade & Patch Tasks,4,UAT,Upgrade & Patch Tasks (Letters),ENV4_LTRS_PATCH,2027-06-28,2027-06-28,,2026-09-02T12:43:42.332179+00:00,2026-09-02T12:43:42.332179+00:00
359,NH,App Server,Upgrade & Patch Tasks,4,UAT,Upgrade & Patch Tasks (App Server),ENV4_APPSRV_PATCH,2027-06-28,2027-06-28,,2026-09-02T12:43:42.332179+00:00,2026-09-02T12:43:42.332179+00:00
360,NH,Core,Upgrade & Patch Tasks,4,UAT,Upgrade & Patch Tasks (Core),ENV4_CORE_PATCH,2027-06-28,2027-06-28,,2026-09-02T12:43:42.332179+00:00,2026-09-02T12:43:42.332179+00:00
201,ND,Cognos,Crypto Keys & CA Certificates,21,MO,Crypto Keys & CA Certificates (Cognos),ENV21_CGNS_CRYPTO,2027-06-30,2027-06-30,,2026-09-02T12:43:42.332179+00:00,2026-09-02T12:43:42.332179+00:00
202,ND,Informatica,Crypto Keys & CA Certificates,21,MO,Crypto Keys & CA Certificates (Informatica),ENV21_INFA_CRYPTO,2027-06-30,2027-06-30,,2026-09-02T12:43:42.332179+00:00,2026-09-02T12:43:42.332179+00:00
203,ND,Letters,Crypto Keys & CA Certificates,21,MO,Crypto Keys & CA Certificates (Letters),ENV21_LTRS_CRYPTO,2027-06-30,2027-06-30,,2026-09-02T12:43:42.332179+00:00,2026-09-02T12:43:42.332179+00:00
204,ND,App Server,Crypto Keys & CA Certificates,21,MO,Crypto Keys & CA Certificates (App Server),ENV21_APPSRV_CRYPTO,2027-06-30,2027-06-30,,2026-09-02T12:43:42.332179+00:00,2026-09-02T12:43:42.332179+00:00
205,ND,Core,Crypto Keys & CA Certificates,21,MO,Crypto Keys & CA Certificates (Core),ENV21_CORE_CRYPTO,2027-06-30,2027-06-30,,2026-09-02T12:43:42.332179+00:00,2026-09-02T12:43:42.332179+00:00
206,ND,Cognos,Database Password Expiry,21,MO,Database Password Expiry (Cognos),ENV21_CGNS_DBPWD,2027-06-30,2027-06-30,,2026-09-02T12:43:42.332179+00:00,2026-09-02T12:43:42.332179+00:00
207,ND,Informatica,Database Password Expiry,21,MO,Database Password Expiry (Informatica),ENV21_INFA_DBPWD,2027-06-30,2027-06-30,,2026-09-02T12:43:42.332179+00:00,2026-09-02T12:43:42.332179+00:00
208,ND,Letters,Database Password Expiry,21,MO,Database Password Expiry (Letters),ENV21_LTRS_DBPWD,2027-06-30,2027-06-30,,2026-09-02T12:43:42.332179+00:00,2026-09-02T12:43:42.332179+00:00
209,ND,App Server,Database Password Expiry,21,MO,Database Password Expiry (App Server),ENV21_APPSRV_DBPWD,2027-06-30,2027-06-30,,2026-09-02T12:43:42.332179+00:00,2026-09-02T12:43:42.332179+00:00
210,ND,Core,Database Password Expiry,21,MO,Database Password Expiry (Core),ENV21_CORE_DBPWD,2027-06-30,2027-06-30,,2026-09-02T12:43:42.332179+00:00,2026-09-02T12:43:42.332179+00:00
211,ND,Cognos,Software Versions & N-1 Tracking,21,MO,Software Versions & N-1 Tracking (Cognos),ENV21_CGNS_SWVER,2027-06-30,2027-06-30,,2026-09-02T12:43:42.332179+00:00,2026-09-02T12:43:42.332179+00:00
212,ND,Informatica,Software Versions & N-1 Tracking,21,MO,Software Versions & N-1 Tracking (Informatica),ENV21_INFA_SWVER,2027-06-30,2027-06-30,,2026-09-02T12:43:42.332179+00:00,2026-09-02T12:43:42.332179+00:00
213,ND,Letters,Software Versions & N-1 Tracking,21,MO,Software Versions & N-1 Tracking (Letters),ENV21_LTRS_SWVER,2027-06-30,2027-06-30,,2026-09-02T12:43:42.332179+00:00,2026-09-02T12:43:42.332179+00:00
214,ND,App Server,Software Versions & N-1 Tracking,21,MO,Software Versions & N-1 Tracking (App Server),ENV21_APPSRV_SWVER,2027-06-30,2027-06-30,,2026-09-02T12:43:42.332179+00:00,2026-09-02T12:43:42.332179+00:00
215,ND,Core,Software Versions & N-1 Tracking,21,MO,Software Versions & N-1 Tracking (Core),ENV21_CORE_SWVER,2027-06-30,2027-06-30,,2026-09-02T12:43:42.332179+00:00,2026-09-02T12:43:42.332179+00:00
256,ND,Cognos,Upgrade & Patch Tasks,75,DEV,Upgrade & Patch Tasks (Cognos),ENV75_CGNS_PATCH,2027-06-30,2027-06-30,,2026-09-02T12:43:42.332179+00:00,2026-09-02T12:43:42.332179+00:00
257,ND,Informatica,Upgrade & Patch Tasks,75,DEV,Upgrade & Patch Tasks (Informatica),ENV75_INFA_PATCH,2027-06-30,2027-06-30,,2026-09-02T12:43:42.332179+00:00,2026-09-02T12:43:42.332179+00:00
258,ND,Letters,Upgrade & Patch Tasks,75,DEV,Upgrade & Patch Tasks (Letters),ENV75_LTRS_PATCH,2027-06-30,2027-06-30,,2026-09-02T12:43:42.332179+00:00,2026-09-02T12:43:42.332179+00:00
259,ND,App Server,Upgrade & Patch Tasks,75,DEV,Upgrade & Patch Tasks (App Server),ENV75_APPSRV_PATCH,2027-06-30,2027-06-30,,2026-09-02T12:43:42.332179+00:00,2026-09-02T12:43:42.332179+00:00
260,ND,Core,Upgrade & Patch Tasks,75,DEV,Upgrade & Patch Tasks (Core),ENV75_CORE_PATCH,2027-06-30,2027-06-30,,2026-09-02T12:43:42.332179+00:00,2026-09-02T12:43:42.332179+00:00
161,ND,Cognos,Crypto Keys & CA Certificates,16,DR,Crypto Keys & CA Certificates (Cognos),ENV16_CGNS_CRYPTO,2027-07-19,2027-07-19,,2026-09-02T12:43:42.332179+00:00,2026-09-02T12:43:42.332179+00:00
162,ND,Informatica,Crypto Keys & CA Certificates,16,DR,Crypto Keys & CA Certificates (Informatica),ENV16_INFA_CRYPTO,2027-07-19,2027-07-19,,2026-09-02T12:43:42.332179+00:00,2026-09-02T12:43:42.332179+00:00
163,ND,Letters,Crypto Keys & CA Certificates,16,DR,Crypto Keys & CA Certificates (Letters),ENV16_LTRS_CRYPTO,2027-07-19,2027-07-19,,2026-09-02T12:43:42.332179+00:00,2026-09-02T12:43:42.332179+00:00
164,ND,App Server,Crypto Keys & CA Certificates,16,DR,Crypto Keys & CA Certificates (App Server),ENV16_APPSRV_CRYPTO,2027-07-19,2027-07-19,,2026-09-02T12:43:42.332179+00:00,2026-09-02T12:43:42.332179+00:00
165,ND,Core,Crypto Keys & CA Certificates,16,DR,Crypto Keys & CA Certificates (Core),ENV16_CORE_CRYPTO,2027-07-19,2027-07-19,,2026-09-02T12:43:42.332179+00:00,2026-09-02T12:43:42.332179+00:00
166,ND,Cognos,Database Password Expiry,16,DR,Database Password Expiry (Cognos),ENV16_CGNS_DBPWD,2027-07-19,2027-07-19,,2026-09-02T12:43:42.332179+00:00,2026-09-02T12:43:42.332179+00:00
167,ND,Informatica,Database Password Expiry,16,DR,Database Password Expiry (Informatica),ENV16_INFA_DBPWD,2027-07-19,2027-07-19,,2026-09-02T12:43:42.332179+00:00,2026-09-02T12:43:42.332179+00:00
168,ND,Letters,Database Password Expiry,16,DR,Database Password Expiry (Letters),ENV16_LTRS_DBPWD,2027-07-19,2027-07-19,,2026-09-02T12:43:42.332179+00:00,2026-09-02T12:43:42.332179+00:00
169,ND,App Server,Database Password Expiry,16,DR,Database Password Expiry (App Server),ENV16_APPSRV_DBPWD,2027-07-19,2027-07-19,,2026-09-02T12:43:42.332179+00:00,2026-09-02T12:43:42.332179+00:00
170,ND,Core,Database Password Expiry,16,DR,Database Password Expiry (Core),ENV16_CORE_DBPWD,2027-07-19,2027-07-19,,2026-09-02T12:43:42.332179+00:00,2026-09-02T12:43:42.332179+00:00
171,ND,Cognos,Software Versions & N-1 Tracking,16,DR,Software Versions & N-1 Tracking (Cognos),ENV16_CGNS_SWVER,2027-07-19,2027-07-19,,2026-09-02T12:43:42.332179+00:00,2026-09-02T12:43:42.332179+00:00
172,ND,Informatica,Software Versions & N-1 Tracking,16,DR,Software Versions & N-1 Tracking (Informatica),ENV16_INFA_SWVER,2027-07-19,2027-07-19,,2026-09-02T12:43:42.332179+00:00,2026-09-02T12:43:42.332179+00:00
173,ND,Letters,Software Versions & N-1 Tracking,16,DR,Software Versions & N-1 Tracking (Letters),ENV16_LTRS_SWVER,2027-07-19,2027-07-19,,2026-09-02T12:43:42.332179+00:00,2026-09-02T12:43:42.332179+00:00
174,ND,App Server,Software Versions & N-1 Tracking,16,DR,Software Versions & N-1 Tracking (App Server),ENV16_APPSRV_SWVER,2027-07-19,2027-07-19,,2026-09-02T12:43:42.332179+00:00,2026-09-02T12:43:42.332179+00:00
175,ND,Core,Software Versions & N-1 Tracking,16,DR,Software Versions & N-1 Tracking (Core),ENV16_CORE_SWVER,2027-07-19,2027-07-19,,2026-09-02T12:43:42.332179+00:00,2026-09-02T12:43:42.332179+00:00
316,ND,Cognos,Upgrade & Patch Tasks,78,MO,Upgrade & Patch Tasks (Cognos),ENV78_CGNS_PATCH,2027-07-19,2027-07-19,,2026-09-02T12:43:42.332179+00:00,2026-09-02T12:43:42.332179+00:00
317,ND,Informatica,Upgrade & Patch Tasks,78,MO,Upgrade & Patch Tasks (Informatica),ENV78_INFA_PATCH,2027-07-19,2027-07-19,,2026-09-02T12:43:42.332179+00:00,2026-09-02T12:43:42.332179+00:00
318,ND,Letters,Upgrade & Patch Tasks,78,MO,Upgrade & Patch Tasks (Letters),ENV78_LTRS_PATCH,2027-07-19,2027-07-19,,2026-09-02T12:43:42.332179+00:00,2026-09-02T12:43:42.332179+00:00
319,ND,App Server,Upgrade & Patch Tasks,78,MO,Upgrade & Patch Tasks (App Server),ENV78_APPSRV_PATCH,2027-07-19,2027-07-19,,2026-09-02T12:43:42.332179+00:00,2026-09-02T12:43:42.332179+00:00
320,ND,Core,Upgrade & Patch Tasks,78,MO,Upgrade & Patch Tasks (Core),ENV78_CORE_PATCH,2027-07-19,2027-07-19,,2026-09-02T12:43:42.332179+00:00,2026-09-02T12:43:42.332179+00:00
286,ND,Cognos,Database Password Expiry,77,UAT,Database Password Expiry (Cognos),ENV77_CGNS_DBPWD,2027-07-20,2027-07-20,,2026-09-02T12:43:42.332179+00:00,2026-09-02T12:43:42.332179+00:00
287,ND,Informatica,Database Password Expiry,77,UAT,Database Password Expiry (Informatica),ENV77_INFA_DBPWD,2027-07-20,2027-07-20,,2026-09-02T12:43:42.332179+00:00,2026-09-02T12:43:42.332179+00:00
288,ND,Letters,Database Password Expiry,77,UAT,Database Password Expiry (Letters),ENV77_LTRS_DBPWD,2027-07-20,2027-07-20,,2026-09-02T12:43:42.332179+00:00,2026-09-02T12:43:42.332179+00:00
289,ND,App Server,Database Password Expiry,77,UAT,Database Password Expiry (App Server),ENV77_APPSRV_DBPWD,2027-07-20,2027-07-20,,2026-09-02T12:43:42.332179+00:00,2026-09-02T12:43:42.332179+00:00
290,ND,Core,Database Password Expiry,77,UAT,Database Password Expiry (Core),ENV77_CORE_DBPWD,2027-07-20,2027-07-20,,2026-09-02T12:43:42.332179+00:00,2026-09-02T12:43:42.332179+00:00
306,ND,Cognos,Database Password Expiry,78,MO,Database Password Expiry (Cognos),ENV78_CGNS_DBPWD,2027-07-20,2027-07-20,,2026-09-02T12:43:42.332179+00:00,2026-09-02T12:43:42.332179+00:00
307,ND,Informatica,Database Password Expiry,78,MO,Database Password Expiry (Informatica),ENV78_INFA_DBPWD,2027-07-20,2027-07-20,,2026-09-02T12:43:42.332179+00:00,2026-09-02T12:43:42.332179+00:00
308,ND,Letters,Database Password Expiry,78,MO,Database Password Expiry (Letters),ENV78_LTRS_DBPWD,2027-07-20,2027-07-20,,2026-09-02T12:43:42.332179+00:00,2026-09-02T12:43:42.332179+00:00
309,ND,App Server,Database Password Expiry,78,MO,Database Password Expiry (App Server),ENV78_APPSRV_DBPWD,2027-07-20,2027-07-20,,2026-09-02T12:43:42.332179+00:00,2026-09-02T12:43:42.332179+00:00
310,ND,Core,Database Password Expiry,78,MO,Database Password Expiry (Core),ENV78_CORE_DBPWD,2027-07-20,2027-07-20,,2026-09-02T12:43:42.332179+00:00,2026-09-02T12:43:42.332179+00:00
101,AK,Cognos,Crypto Keys & CA Certificates,38,SIT,Crypto Keys & CA Certificates (Cognos),ENV38_CGNS_CRYPTO,2027-07-29,2027-07-29,,2026-09-02T12:43:42.332179+00:00,2026-09-02T12:43:42.332179+00:00
102,AK,Informatica,Crypto Keys & CA Certificates,38,SIT,Crypto Keys & CA Certificates (Informatica),ENV38_INFA_CRYPTO,2027-07-29,2027-07-29,,2026-09-02T12:43:42.332179+00:00,2026-09-02T12:43:42.332179+00:00
103,AK,Letters,Crypto Keys & CA Certificates,38,SIT,Crypto Keys & CA Certificates (Letters),ENV38_LTRS_CRYPTO,2027-07-29,2027-07-29,,2026-09-02T12:43:42.332179+00:00,2026-09-02T12:43:42.332179+00:00
104,AK,App Server,Crypto Keys & CA Certificates,38,SIT,Crypto Keys & CA Certificates (App Server),ENV38_APPSRV_CRYPTO,2027-07-29,2027-07-29,,2026-09-02T12:43:42.332179+00:00,2026-09-02T12:43:42.332179+00:00
105,AK,Core,Crypto Keys & CA Certificates,38,SIT,Crypto Keys & CA Certificates (Core),ENV38_CORE_CRYPTO,2027-07-29,2027-07-29,,2026-09-02T12:43:42.332179+00:00,2026-09-02T12:43:42.332179+00:00
111,AK,Cognos,Software Versions & N-1 Tracking,38,SIT,Software Versions & N-1 Tracking (Cognos),ENV38_CGNS_SWVER,2027-07-29,2027-07-29,,2026-09-02T12:43:42.332179+00:00,2026-09-02T12:43:42.332179+00:00
112,AK,Informatica,Software Versions & N-1 Tracking,38,SIT,Software Versions & N-1 Tracking (Informatica),ENV38_INFA_SWVER,2027-07-29,2027-07-29,,2026-09-02T12:43:42.332179+00:00,2026-09-02T12:43:42.332179+00:00
113,AK,Letters,Software Versions & N-1 Tracking,38,SIT,Software Versions & N-1 Tracking (Letters),ENV38_LTRS_SWVER,2027-07-29,2027-07-29,,2026-09-02T12:43:42.332179+00:00,2026-09-02T12:43:42.332179+00:00
114,AK,App Server,Software Versions & N-1 Tracking,38,SIT,Software Versions & N-1 Tracking (App Server),ENV38_APPSRV_SWVER,2027-07-29,2027-07-29,,2026-09-02T12:43:42.332179+00:00,2026-09-02T12:43:42.332179+00:00
115,AK,Core,Software Versions & N-1 Tracking,38,SIT,Software Versions & N-1 Tracking (Core),ENV38_CORE_SWVER,2027-07-29,2027-07-29,,2026-09-02T12:43:42.332179+00:00,2026-09-02T12:43:42.332179+00:00
116,AK,Cognos,Upgrade & Patch Tasks,38,SIT,Upgrade & Patch Tasks (Cognos),ENV38_CGNS_PATCH,2027-07-29,2027-07-29,,2026-09-02T12:43:42.332179+00:00,2026-09-02T12:43:42.332179+00:00
117,AK,Informatica,Upgrade & Patch Tasks,38,SIT,Upgrade & Patch Tasks (Informatica),ENV38_INFA_PATCH,2027-07-29,2027-07-29,,2026-09-02T12:43:42.332179+00:00,2026-09-02T12:43:42.332179+00:00
118,AK,Letters,Upgrade & Patch Tasks,38,SIT,Upgrade & Patch Tasks (Letters),ENV38_LTRS_PATCH,2027-07-29,2027-07-29,,2026-09-02T12:43:42.332179+00:00,2026-09-02T12:43:42.332179+00:00
119,AK,App Server,Upgrade & Patch Tasks,38,SIT,Upgrade & Patch Tasks (App Server),ENV38_APPSRV_PATCH,2027-07-29,2027-07-29,,2026-09-02T12:43:42.332179+00:00,2026-09-02T12:43:42.332179+00:00
120,AK,Core,Upgrade & Patch Tasks,38,SIT,Upgrade & Patch Tasks (Core),ENV38_CORE_PATCH,2027-07-29,2027-07-29,,2026-09-02T12:43:42.332179+00:00,2026-09-02T12:43:42.332179+00:00
481,NH,Cognos,Crypto Keys & CA Certificates,82,DR,Crypto Keys & CA Certificates (Cognos),ENV82_CGNS_CRYPTO,2027-08-07,2027-08-07,,2026-09-02T12:43:42.332179+00:00,2026-09-02T12:43:42.332179+00:00
482,NH,Informatica,Crypto Keys & CA Certificates,82,DR,Crypto Keys & CA Certificates (Informatica),ENV82_INFA_CRYPTO,2027-08-07,2027-08-07,,2026-09-02T12:43:42.332179+00:00,2026-09-02T12:43:42.332179+00:00
483,NH,Letters,Crypto Keys & CA Certificates,82,DR,Crypto Keys & CA Certificates (Letters),ENV82_LTRS_CRYPTO,2027-08-07,2027-08-07,,2026-09-02T12:43:42.332179+00:00,2026-09-02T12:43:42.332179+00:00
484,NH,App Server,Crypto Keys & CA Certificates,82,DR,Crypto Keys & CA Certificates (App Server),ENV82_APPSRV_CRYPTO,2027-08-07,2027-08-07,,2026-09-02T12:43:42.332179+00:00,2026-09-02T12:43:42.332179+00:00
485,NH,Core,Crypto Keys & CA Certificates,82,DR,Crypto Keys & CA Certificates (Core),ENV82_CORE_CRYPTO,2027-08-07,2027-08-07,,2026-09-02T12:43:42.332179+00:00,2026-09-02T12:43:42.332179+00:00
491,NH,Cognos,Software Versions & N-1 Tracking,82,DR,Software Versions & N-1 Tracking (Cognos),ENV82_CGNS_SWVER,2027-08-07,2027-08-07,,2026-09-02T12:43:42.332179+00:00,2026-09-02T12:43:42.332179+00:00
492,NH,Informatica,Software Versions & N-1 Tracking,82,DR,Software Versions & N-1 Tracking (Informatica),ENV82_INFA_SWVER,2027-08-07,2027-08-07,,2026-09-02T12:43:42.332179+00:00,2026-09-02T12:43:42.332179+00:00
493,NH,Letters,Software Versions & N-1 Tracking,82,DR,Software Versions & N-1 Tracking (Letters),ENV82_LTRS_SWVER,2027-08-07,2027-08-07,,2026-09-02T12:43:42.332179+00:00,2026-09-02T12:43:42.332179+00:00
494,NH,App Server,Software Versions & N-1 Tracking,82,DR,Software Versions & N-1 Tracking (App Server),ENV82_APPSRV_SWVER,2027-08-07,2027-08-07,,2026-09-02T12:43:42.332179+00:00,2026-09-02T12:43:42.332179+00:00
495,NH,Core,Software Versions & N-1 Tracking,82,DR,Software Versions & N-1 Tracking (Core),ENV82_CORE_SWVER,2027-08-07,2027-08-07,,2026-09-02T12:43:42.332179+00:00,2026-09-02T12:43:42.332179+00:00
496,NH,Cognos,Upgrade & Patch Tasks,82,DR,Upgrade & Patch Tasks (Cognos),ENV82_CGNS_PATCH,2027-08-07,2027-08-07,,2026-09-02T12:43:42.332179+00:00,2026-09-02T12:43:42.332179+00:00
497,NH,Informatica,Upgrade & Patch Tasks,82,DR,Upgrade & Patch Tasks (Informatica),ENV82_INFA_PATCH,2027-08-07,2027-08-07,,2026-09-02T12:43:42.332179+00:00,2026-09-02T12:43:42.332179+00:00
498,NH,Letters,Upgrade & Patch Tasks,82,DR,Upgrade & Patch Tasks (Letters),ENV82_LTRS_PATCH,2027-08-07,2027-08-07,,2026-09-02T12:43:42.332179+00:00,2026-09-02T12:43:42.332179+00:00
499,NH,App Server,Upgrade & Patch Tasks,82,DR,Upgrade & Patch Tasks (App Server),ENV82_APPSRV_PATCH,2027-08-07,2027-08-07,,2026-09-02T12:43:42.332179+00:00,2026-09-02T12:43:42.332179+00:00
500,NH,Core,Upgrade & Patch Tasks,82,DR,Upgrade & Patch Tasks (Core),ENV82_CORE_PATCH,2027-08-07,2027-08-07,,2026-09-02T12:43:42.332179+00:00,2026-09-02T12:43:42.332179+00:00
61,AK,Cognos,Crypto Keys & CA Certificates,35,SIT,Crypto Keys & CA Certificates (Cognos),ENV35_CGNS_CRYPTO,2027-08-08,2027-08-08,,2026-09-02T12:43:42.332179+00:00,2026-09-02T12:43:42.332179+00:00
62,AK,Informatica,Crypto Keys & CA Certificates,35,SIT,Crypto Keys & CA Certificates (Informatica),ENV35_INFA_CRYPTO,2027-08-08,2027-08-08,,2026-09-02T12:43:42.332179+00:00,2026-09-02T12:43:42.332179+00:00
63,AK,Letters,Crypto Keys & CA Certificates,35,SIT,Crypto Keys & CA Certificates (Letters),ENV35_LTRS_CRYPTO,2027-08-08,2027-08-08,,2026-09-02T12:43:42.332179+00:00,2026-09-02T12:43:42.332179+00:00
64,AK,App Server,Crypto Keys & CA Certificates,35,SIT,Crypto Keys & CA Certificates (App Server),ENV35_APPSRV_CRYPTO,2027-08-08,2027-08-08,,2026-09-02T12:43:42.332179+00:00,2026-09-02T12:43:42.332179+00:00
65,AK,Core,Crypto Keys & CA Certificates,35,SIT,Crypto Keys & CA Certificates (Core),ENV35_CORE_CRYPTO,2027-08-08,2027-08-08,,2026-09-02T12:43:42.332179+00:00,2026-09-02T12:43:42.332179+00:00
76,AK,Cognos,Upgrade & Patch Tasks,35,SIT,Upgrade & Patch Tasks (Cognos),ENV35_CGNS_PATCH,2027-08-08,2027-08-08,,2026-09-02T12:43:42.332179+00:00,2026-09-02T12:43:42.332179+00:00
77,AK,Informatica,Upgrade & Patch Tasks,35,SIT,Upgrade & Patch Tasks (Informatica),ENV35_INFA_PATCH,2027-08-08,2027-08-08,,2026-09-02T12:43:42.332179+00:00,2026-09-02T12:43:42.332179+00:00
78,AK,Letters,Upgrade & Patch Tasks,35,SIT,Upgrade & Patch Tasks (Letters),ENV35_LTRS_PATCH,2027-08-08,2027-08-08,,2026-09-02T12:43:42.332179+00:00,2026-09-02T12:43:42.332179+00:00
79,AK,App Server,Upgrade & Patch Tasks,35,SIT,Upgrade & Patch Tasks (App Server),ENV35_APPSRV_PATCH,2027-08-08,2027-08-08,,2026-09-02T12:43:42.332179+00:00,2026-09-02T12:43:42.332179+00:00
80,AK,Core,Upgrade & Patch Tasks,35,SIT,Upgrade & Patch Tasks (Core),ENV35_CORE_PATCH,2027-08-08,2027-08-08,,2026-09-02T12:43:42.332179+00:00,2026-09-02T12:43:42.332179+00:00
361,NH,Cognos,Crypto Keys & CA Certificates,5,PROD,Crypto Keys & CA Certificates (Cognos),ENV5_CGNS_CRYPTO,2027-08-16,2027-08-16,,2026-09-02T12:43:42.332179+00:00,2026-09-02T12:43:42.332179+00:00
362,NH,Informatica,Crypto Keys & CA Certificates,5,PROD,Crypto Keys & CA Certificates (Informatica),ENV5_INFA_CRYPTO,2027-08-16,2027-08-16,,2026-09-02T12:43:42.332179+00:00,2026-09-02T12:43:42.332179+00:00
363,NH,Letters,Crypto Keys & CA Certificates,5,PROD,Crypto Keys & CA Certificates (Letters),ENV5_LTRS_CRYPTO,2027-08-16,2027-08-16,,2026-09-02T12:43:42.332179+00:00,2026-09-02T12:43:42.332179+00:00
364,NH,App Server,Crypto Keys & CA Certificates,5,PROD,Crypto Keys & CA Certificates (App Server),ENV5_APPSRV_CRYPTO,2027-08-16,2027-08-16,,2026-09-02T12:43:42.332179+00:00,2026-09-02T12:43:42.332179+00:00
365,NH,Core,Crypto Keys & CA Certificates,5,PROD,Crypto Keys & CA Certificates (Core),ENV5_CORE_CRYPTO,2027-08-16,2027-08-16,,2026-09-02T12:43:42.332179+00:00,2026-09-02T12:43:42.332179+00:00
371,NH,Cognos,Software Versions & N-1 Tracking,5,PROD,Software Versions & N-1 Tracking (Cognos),ENV5_CGNS_SWVER,2027-08-16,2027-08-16,,2026-09-02T12:43:42.332179+00:00,2026-09-02T12:43:42.332179+00:00
372,NH,Informatica,Software Versions & N-1 Tracking,5,PROD,Software Versions & N-1 Tracking (Informatica),ENV5_INFA_SWVER,2027-08-16,2027-08-16,,2026-09-02T12:43:42.332179+00:00,2026-09-02T12:43:42.332179+00:00
373,NH,Letters,Software Versions & N-1 Tracking,5,PROD,Software Versions & N-1 Tracking (Letters),ENV5_LTRS_SWVER,2027-08-16,2027-08-16,,2026-09-02T12:43:42.332179+00:00,2026-09-02T12:43:42.332179+00:00
374,NH,App Server,Software Versions & N-1 Tracking,5,PROD,Software Versions & N-1 Tracking (App Server),ENV5_APPSRV_SWVER,2027-08-16,2027-08-16,,2026-09-02T12:43:42.332179+00:00,2026-09-02T12:43:42.332179+00:00
375,NH,Core,Software Versions & N-1 Tracking,5,PROD,Software Versions & N-1 Tracking (Core),ENV5_CORE_SWVER,2027-08-16,2027-08-16,,2026-09-02T12:43:42.332179+00:00,2026-09-02T12:43:42.332179+00:00
376,NH,Cognos,Upgrade & Patch Tasks,5,PROD,Upgrade & Patch Tasks (Cognos),ENV5_CGNS_PATCH,2027-08-16,2027-08-16,,2026-09-02T12:43:42.332179+00:00,2026-09-02T12:43:42.332179+00:00
377,NH,Informatica,Upgrade & Patch Tasks,5,PROD,Upgrade & Patch Tasks (Informatica),ENV5_INFA_PATCH,2027-08-16,2027-08-16,,2026-09-02T12:43:42.332179+00:00,2026-09-02T12:43:42.332179+00:00
378,NH,Letters,Upgrade & Patch Tasks,5,PROD,Upgrade & Patch Tasks (Letters),ENV5_LTRS_PATCH,2027-08-16,2027-08-16,,2026-09-02T12:43:42.332179+00:00,2026-09-02T12:43:42.332179+00:00
379,NH,App Server,Upgrade & Patch Tasks,5,PROD,Upgrade & Patch Tasks (App Server),ENV5_APPSRV_PATCH,2027-08-16,2027-08-16,,2026-09-02T12:43:42.332179+00:00,2026-09-02T12:43:42.332179+00:00
380,NH,Core,Upgrade & Patch Tasks,5,PROD,Upgrade & Patch Tasks (Core),ENV5_CORE_PATCH,2027-08-16,2027-08-16,,2026-09-02T12:43:42.332179+00:00,2026-09-02T12:43:42.332179+00:00
246,ND,Cognos,Database Password Expiry,75,DEV,Database Password Expiry (Cognos),ENV75_CGNS_DBPWD,2027-08-17,2027-08-17,,2026-09-02T12:43:42.332179+00:00,2026-09-02T12:43:42.332179+00:00
247,ND,Informatica,Database Password Expiry,75,DEV,Database Password Expiry (Informatica),ENV75_INFA_DBPWD,2027-08-17,2027-08-17,,2026-09-02T12:43:42.332179+00:00,2026-09-02T12:43:42.332179+00:00
248,ND,Letters,Database Password Expiry,75,DEV,Database Password Expiry (Letters),ENV75_LTRS_DBPWD,2027-08-17,2027-08-17,,2026-09-02T12:43:42.332179+00:00,2026-09-02T12:43:42.332179+00:00
249,ND,App Server,Database Password Expiry,75,DEV,Database Password Expiry (App Server),ENV75_APPSRV_DBPWD,2027-08-17,2027-08-17,,2026-09-02T12:43:42.332179+00:00,2026-09-02T12:43:42.332179+00:00
250,ND,Core,Database Password Expiry,75,DEV,Database Password Expiry (Core),ENV75_CORE_DBPWD,2027-08-17,2027-08-17,,2026-09-02T12:43:42.332179+00:00,2026-09-02T12:43:42.332179+00:00
386,NH,Cognos,Database Password Expiry,52,DEV,Database Password Expiry (Cognos),ENV52_CGNS_DBPWD,2027-08-24,2027-08-24,,2026-09-02T12:43:42.332179+00:00,2026-09-02T12:43:42.332179+00:00
387,NH,Informatica,Database Password Expiry,52,DEV,Database Password Expiry (Informatica),ENV52_INFA_DBPWD,2027-08-24,2027-08-24,,2026-09-02T12:43:42.332179+00:00,2026-09-02T12:43:42.332179+00:00
388,NH,Letters,Database Password Expiry,52,DEV,Database Password Expiry (Letters),ENV52_LTRS_DBPWD,2027-08-24,2027-08-24,,2026-09-02T12:43:42.332179+00:00,2026-09-02T12:43:42.332179+00:00
389,NH,App Server,Database Password Expiry,52,DEV,Database Password Expiry (App Server),ENV52_APPSRV_DBPWD,2027-08-24,2027-08-24,,2026-09-02T12:43:42.332179+00:00,2026-09-02T12:43:42.332179+00:00
390,NH,Core,Database Password Expiry,52,DEV,Database Password Expiry (Core),ENV52_CORE_DBPWD,2027-08-24,2027-08-24,,2026-09-02T12:43:42.332179+00:00,2026-09-02T12:43:42.332179+00:00
406,NH,Cognos,Database Password Expiry,53,SIT,Database Password Expiry (Cognos),ENV53_CGNS_DBPWD,2027-08-24,2027-08-24,,2026-09-02T12:43:42.332179+00:00,2026-09-02T12:43:42.332179+00:00
407,NH,Informatica,Database Password Expiry,53,SIT,Database Password Expiry (Informatica),ENV53_INFA_DBPWD,2027-08-24,2027-08-24,,2026-09-02T12:43:42.332179+00:00,2026-09-02T12:43:42.332179+00:00
408,NH,Letters,Database Password Expiry,53,SIT,Database Password Expiry (Letters),ENV53_LTRS_DBPWD,2027-08-24,2027-08-24,,2026-09-02T12:43:42.332179+00:00,2026-09-02T12:43:42.332179+00:00
409,NH,App Server,Database Password Expiry,53,SIT,Database Password Expiry (App Server),ENV53_APPSRV_DBPWD,2027-08-24,2027-08-24,,2026-09-02T12:43:42.332179+00:00,2026-09-02T12:43:42.332179+00:00
410,NH,Core,Database Password Expiry,53,SIT,Database Password Expiry (Core),ENV53_CORE_DBPWD,2027-08-24,2027-08-24,,2026-09-02T12:43:42.332179+00:00,2026-09-02T12:43:42.332179+00:00
426,NH,Cognos,Database Password Expiry,54,DEV,Database Password Expiry (Cognos),ENV54_CGNS_DBPWD,2027-08-24,2027-08-24,,2026-09-02T12:43:42.332179+00:00,2026-09-02T12:43:42.332179+00:00
427,NH,Informatica,Database Password Expiry,54,DEV,Database Password Expiry (Informatica),ENV54_INFA_DBPWD,2027-08-24,2027-08-24,,2026-09-02T12:43:42.332179+00:00,2026-09-02T12:43:42.332179+00:00
428,NH,Letters,Database Password Expiry,54,DEV,Database Password Expiry (Letters),ENV54_LTRS_DBPWD,2027-08-24,2027-08-24,,2026-09-02T12:43:42.332179+00:00,2026-09-02T12:43:42.332179+00:00
429,NH,App Server,Database Password Expiry,54,DEV,Database Password Expiry (App Server),ENV54_APPSRV_DBPWD,2027-08-24,2027-08-24,,2026-09-02T12:43:42.332179+00:00,2026-09-02T12:43:42.332179+00:00
430,NH,Core,Database Password Expiry,54,DEV,Database Password Expiry (Core),ENV54_CORE_DBPWD,2027-08-24,2027-08-24,,2026-09-02T12:43:42.332179+00:00,2026-09-02T12:43:42.332179+00:00
441,NH,Cognos,Crypto Keys & CA Certificates,57,SIT,Crypto Keys & CA Certificates (Cognos),ENV57_CGNS_CRYPTO,2027-09-01,2027-09-01,,2026-09-02T12:43:42.332179+00:00,2026-09-02T12:43:42.332179+00:00
442,NH,Informatica,Crypto Keys & CA Certificates,57,SIT,Crypto Keys & CA Certificates (Informatica),ENV57_INFA_CRYPTO,2027-09-01,2027-09-01,,2026-09-02T12:43:42.332179+00:00,2026-09-02T12:43:42.332179+00:00
443,NH,Letters,Crypto Keys & CA Certificates,57,SIT,Crypto Keys & CA Certificates (Letters),ENV57_LTRS_CRYPTO,2027-09-01,2027-09-01,,2026-09-02T12:43:42.332179+00:00,2026-09-02T12:43:42.332179+00:00
444,NH,App Server,Crypto Keys & CA Certificates,57,SIT,Crypto Keys & CA Certificates (App Server),ENV57_APPSRV_CRYPTO,2027-09-01,2027-09-01,,2026-09-02T12:43:42.332179+00:00,2026-09-02T12:43:42.332179+00:00
445,NH,Core,Crypto Keys & CA Certificates,57,SIT,Crypto Keys & CA Certificates (Core),ENV57_CORE_CRYPTO,2027-09-01,2027-09-01,,2026-09-02T12:43:42.332179+00:00,2026-09-02T12:43:42.332179+00:00
451,NH,Cognos,Software Versions & N-1 Tracking,57,SIT,Software Versions & N-1 Tracking (Cognos),ENV57_CGNS_SWVER,2027-09-01,2027-09-01,,2026-09-02T12:43:42.332179+00:00,2026-09-02T12:43:42.332179+00:00
452,NH,Informatica,Software Versions & N-1 Tracking,57,SIT,Software Versions & N-1 Tracking (Informatica),ENV57_INFA_SWVER,2027-09-01,2027-09-01,,2026-09-02T12:43:42.332179+00:00,2026-09-02T12:43:42.332179+00:00
453,NH,Letters,Software Versions & N-1 Tracking,57,SIT,Software Versions & N-1 Tracking (Letters),ENV57_LTRS_SWVER,2027-09-01,2027-09-01,,2026-09-02T12:43:42.332179+00:00,2026-09-02T12:43:42.332179+00:00
454,NH,App Server,Software Versions & N-1 Tracking,57,SIT,Software Versions & N-1 Tracking (App Server),ENV57_APPSRV_SWVER,2027-09-01,2027-09-01,,2026-09-02T12:43:42.332179+00:00,2026-09-02T12:43:42.332179+00:00
455,NH,Core,Software Versions & N-1 Tracking,57,SIT,Software Versions & N-1 Tracking (Core),ENV57_CORE_SWVER,2027-09-01,2027-09-01,,2026-09-02T12:43:42.332179+00:00,2026-09-02T12:43:42.332179+00:00
456,NH,Cognos,Upgrade & Patch Tasks,57,SIT,Upgrade & Patch Tasks (Cognos),ENV57_CGNS_PATCH,2027-09-01,2027-09-01,,2026-09-02T12:43:42.332179+00:00,2026-09-02T12:43:42.332179+00:00
457,NH,Informatica,Upgrade & Patch Tasks,57,SIT,Upgrade & Patch Tasks (Informatica),ENV57_INFA_PATCH,2027-09-01,2027-09-01,,2026-09-02T12:43:42.332179+00:00,2026-09-02T12:43:42.332179+00:00
458,NH,Letters,Upgrade & Patch Tasks,57,SIT,Upgrade & Patch Tasks (Letters),ENV57_LTRS_PATCH,2027-09-01,2027-09-01,,2026-09-02T12:43:42.332179+00:00,2026-09-02T12:43:42.332179+00:00
459,NH,App Server,Upgrade & Patch Tasks,57,SIT,Upgrade & Patch Tasks (App Server),ENV57_APPSRV_PATCH,2027-09-01,2027-09-01,,2026-09-02T12:43:42.332179+00:00,2026-09-02T12:43:42.332179+00:00
460,NH,Core,Upgrade & Patch Tasks,57,SIT,Upgrade & Patch Tasks (Core),ENV57_CORE_PATCH,2027-09-01,2027-09-01,,2026-09-02T12:43:42.332179+00:00,2026-09-02T12:43:42.332179+00:00
121,AK,Cognos,Crypto Keys & CA Certificates,39,DR,Crypto Keys & CA Certificates (Cognos),ENV39_CGNS_CRYPTO,2027-10-22,2027-10-22,,2026-09-02T12:43:42.332179+00:00,2026-09-02T12:43:42.332179+00:00
122,AK,Informatica,Crypto Keys & CA Certificates,39,DR,Crypto Keys & CA Certificates (Informatica),ENV39_INFA_CRYPTO,2027-10-22,2027-10-22,,2026-09-02T12:43:42.332179+00:00,2026-09-02T12:43:42.332179+00:00
123,AK,Letters,Crypto Keys & CA Certificates,39,DR,Crypto Keys & CA Certificates (Letters),ENV39_LTRS_CRYPTO,2027-10-22,2027-10-22,,2026-09-02T12:43:42.332179+00:00,2026-09-02T12:43:42.332179+00:00
124,AK,App Server,Crypto Keys & CA Certificates,39,DR,Crypto Keys & CA Certificates (App Server),ENV39_APPSRV_CRYPTO,2027-10-22,2027-10-22,,2026-09-02T12:43:42.332179+00:00,2026-09-02T12:43:42.332179+00:00
125,AK,Core,Crypto Keys & CA Certificates,39,DR,Crypto Keys & CA Certificates (Core),ENV39_CORE_CRYPTO,2027-10-22,2027-10-22,,2026-09-02T12:43:42.332179+00:00,2026-09-02T12:43:42.332179+00:00
126,AK,Cognos,Database Password Expiry,39,DR,Database Password Expiry (Cognos),ENV39_CGNS_DBPWD,2027-10-22,2027-10-22,,2026-09-02T12:43:42.332179+00:00,2026-09-02T12:43:42.332179+00:00
127,AK,Informatica,Database Password Expiry,39,DR,Database Password Expiry (Informatica),ENV39_INFA_DBPWD,2027-10-22,2027-10-22,,2026-09-02T12:43:42.332179+00:00,2026-09-02T12:43:42.332179+00:00
128,AK,Letters,Database Password Expiry,39,DR,Database Password Expiry (Letters),ENV39_LTRS_DBPWD,2027-10-22,2027-10-22,,2026-09-02T12:43:42.332179+00:00,2026-09-02T12:43:42.332179+00:00
129,AK,App Server,Database Password Expiry,39,DR,Database Password Expiry (App Server),ENV39_APPSRV_DBPWD,2027-10-22,2027-10-22,,2026-09-02T12:43:42.332179+00:00,2026-09-02T12:43:42.332179+00:00
130,AK,Core,Database Password Expiry,39,DR,Database Password Expiry (Core),ENV39_CORE_DBPWD,2027-10-22,2027-10-22,,2026-09-02T12:43:42.332179+00:00,2026-09-02T12:43:42.332179+00:00
131,AK,Cognos,Software Versions & N-1 Tracking,39,DR,Software Versions & N-1 Tracking (Cognos),ENV39_CGNS_SWVER,2027-10-22,2027-10-22,,2026-09-02T12:43:42.332179+00:00,2026-09-02T12:43:42.332179+00:00
132,AK,Informatica,Software Versions & N-1 Tracking,39,DR,Software Versions & N-1 Tracking (Informatica),ENV39_INFA_SWVER,2027-10-22,2027-10-22,,2026-09-02T12:43:42.332179+00:00,2026-09-02T12:43:42.332179+00:00
133,AK,Letters,Software Versions & N-1 Tracking,39,DR,Software Versions & N-1 Tracking (Letters),ENV39_LTRS_SWVER,2027-10-22,2027-10-22,,2026-09-02T12:43:42.332179+00:00,2026-09-02T12:43:42.332179+00:00
134,AK,App Server,Software Versions & N-1 Tracking,39,DR,Software Versions & N-1 Tracking (App Server),ENV39_APPSRV_SWVER,2027-10-22,2027-10-22,,2026-09-02T12:43:42.332179+00:00,2026-09-02T12:43:42.332179+00:00
135,AK,Core,Software Versions & N-1 Tracking,39,DR,Software Versions & N-1 Tracking (Core),ENV39_CORE_SWVER,2027-10-22,2027-10-22,,2026-09-02T12:43:42.332179+00:00,2026-09-02T12:43:42.332179+00:00
136,AK,Cognos,Upgrade & Patch Tasks,39,DR,Upgrade & Patch Tasks (Cognos),ENV39_CGNS_PATCH,2027-10-22,2027-10-22,,2026-09-02T12:43:42.332179+00:00,2026-09-02T12:43:42.332179+00:00
137,AK,Informatica,Upgrade & Patch Tasks,39,DR,Upgrade & Patch Tasks (Informatica),ENV39_INFA_PATCH,2027-10-22,2027-10-22,,2026-09-02T12:43:42.332179+00:00,2026-09-02T12:43:42.332179+00:00
138,AK,Letters,Upgrade & Patch Tasks,39,DR,Upgrade & Patch Tasks (Letters),ENV39_LTRS_PATCH,2027-10-22,2027-10-22,,2026-09-02T12:43:42.332179+00:00,2026-09-02T12:43:42.332179+00:00
139,AK,App Server,Upgrade & Patch Tasks,39,DR,Upgrade & Patch Tasks (App Server),ENV39_APPSRV_PATCH,2027-10-22,2027-10-22,,2026-09-02T12:43:42.332179+00:00,2026-09-02T12:43:42.332179+00:00
140,AK,Core,Upgrade & Patch Tasks,39,DR,Upgrade & Patch Tasks (Core),ENV39_CORE_PATCH,2027-10-22,2027-10-22,,2026-09-02T12:43:42.332179+00:00,2026-09-02T12:43:42.332179+00:00
21,AK,Cognos,Crypto Keys & CA Certificates,31,DEV,Crypto Keys & CA Certificates (Cognos),ENV31_CGNS_CRYPTO,2027-11-04,2027-11-04,,2026-09-02T12:43:42.332179+00:00,2026-09-02T12:43:42.332179+00:00
22,AK,Informatica,Crypto Keys & CA Certificates,31,DEV,Crypto Keys & CA Certificates (Informatica),ENV31_INFA_CRYPTO,2027-11-04,2027-11-04,,2026-09-02T12:43:42.332179+00:00,2026-09-02T12:43:42.332179+00:00
23,AK,Letters,Crypto Keys & CA Certificates,31,DEV,Crypto Keys & CA Certificates (Letters),ENV31_LTRS_CRYPTO,2027-11-04,2027-11-04,,2026-09-02T12:43:42.332179+00:00,2026-09-02T12:43:42.332179+00:00
24,AK,App Server,Crypto Keys & CA Certificates,31,DEV,Crypto Keys & CA Certificates (App Server),ENV31_APPSRV_CRYPTO,2027-11-04,2027-11-04,,2026-09-02T12:43:42.332179+00:00,2026-09-02T12:43:42.332179+00:00
25,AK,Core,Crypto Keys & CA Certificates,31,DEV,Crypto Keys & CA Certificates (Core),ENV31_CORE_CRYPTO,2027-11-04,2027-11-04,,2026-09-02T12:43:42.332179+00:00,2026-09-02T12:43:42.332179+00:00
36,AK,Cognos,Upgrade & Patch Tasks,31,DEV,Upgrade & Patch Tasks (Cognos),ENV31_CGNS_PATCH,2027-11-04,2027-11-04,,2026-09-02T12:43:42.332179+00:00,2026-09-02T12:43:42.332179+00:00
37,AK,Informatica,Upgrade & Patch Tasks,31,DEV,Upgrade & Patch Tasks (Informatica),ENV31_INFA_PATCH,2027-11-04,2027-11-04,,2026-09-02T12:43:42.332179+00:00,2026-09-02T12:43:42.332179+00:00
38,AK,Letters,Upgrade & Patch Tasks,31,DEV,Upgrade & Patch Tasks (Letters),ENV31_LTRS_PATCH,2027-11-04,2027-11-04,,2026-09-02T12:43:42.332179+00:00,2026-09-02T12:43:42.332179+00:00
39,AK,App Server,Upgrade & Patch Tasks,31,DEV,Upgrade & Patch Tasks (App Server),ENV31_APPSRV_PATCH,2027-11-04,2027-11-04,,2026-09-02T12:43:42.332179+00:00,2026-09-02T12:43:42.332179+00:00
40,AK,Core,Upgrade & Patch Tasks,31,DEV,Upgrade & Patch Tasks (Core),ENV31_CORE_PATCH,2027-11-04,2027-11-04,,2026-09-02T12:43:42.332179+00:00,2026-09-02T12:43:42.332179+00:00
31,AK,Cognos,Software Versions & N-1 Tracking,31,DEV,Software Versions & N-1 Tracking (Cognos),ENV31_CGNS_SWVER,2027-11-07,2027-11-07,,2026-09-02T12:43:42.332179+00:00,2026-09-02T12:43:42.332179+00:00
32,AK,Informatica,Software Versions & N-1 Tracking,31,DEV,Software Versions & N-1 Tracking (Informatica),ENV31_INFA_SWVER,2027-11-07,2027-11-07,,2026-09-02T12:43:42.332179+00:00,2026-09-02T12:43:42.332179+00:00
33,AK,Letters,Software Versions & N-1 Tracking,31,DEV,Software Versions & N-1 Tracking (Letters),ENV31_LTRS_SWVER,2027-11-07,2027-11-07,,2026-09-02T12:43:42.332179+00:00,2026-09-02T12:43:42.332179+00:00
34,AK,App Server,Software Versions & N-1 Tracking,31,DEV,Software Versions & N-1 Tracking (App Server),ENV31_APPSRV_SWVER,2027-11-07,2027-11-07,,2026-09-02T12:43:42.332179+00:00,2026-09-02T12:43:42.332179+00:00
35,AK,Core,Software Versions & N-1 Tracking,31,DEV,Software Versions & N-1 Tracking (Core),ENV31_CORE_SWVER,2027-11-07,2027-11-07,,2026-09-02T12:43:42.332179+00:00,2026-09-02T12:43:42.332179+00:00
141,AK,Cognos,Crypto Keys & CA Certificates,40,DR,Crypto Keys & CA Certificates (Cognos),ENV40_CGNS_CRYPTO,2027-11-16,2027-11-16,,2026-09-02T12:43:42.332179+00:00,2026-09-02T12:43:42.332179+00:00
142,AK,Informatica,Crypto Keys & CA Certificates,40,DR,Crypto Keys & CA Certificates (Informatica),ENV40_INFA_CRYPTO,2027-11-16,2027-11-16,,2026-09-02T12:43:42.332179+00:00,2026-09-02T12:43:42.332179+00:00
143,AK,Letters,Crypto Keys & CA Certificates,40,DR,Crypto Keys & CA Certificates (Letters),ENV40_LTRS_CRYPTO,2027-11-16,2027-11-16,,2026-09-02T12:43:42.332179+00:00,2026-09-02T12:43:42.332179+00:00
144,AK,App Server,Crypto Keys & CA Certificates,40,DR,Crypto Keys & CA Certificates (App Server),ENV40_APPSRV_CRYPTO,2027-11-16,2027-11-16,,2026-09-02T12:43:42.332179+00:00,2026-09-02T12:43:42.332179+00:00
145,AK,Core,Crypto Keys & CA Certificates,40,DR,Crypto Keys & CA Certificates (Core),ENV40_CORE_CRYPTO,2027-11-16,2027-11-16,,2026-09-02T12:43:42.332179+00:00,2026-09-02T12:43:42.332179+00:00
151,AK,Cognos,Software Versions & N-1 Tracking,40,DR,Software Versions & N-1 Tracking (Cognos),ENV40_CGNS_SWVER,2027-11-16,2027-11-16,,2026-09-02T12:43:42.332179+00:00,2026-09-02T12:43:42.332179+00:00
152,AK,Informatica,Software Versions & N-1 Tracking,40,DR,Software Versions & N-1 Tracking (Informatica),ENV40_INFA_SWVER,2027-11-16,2027-11-16,,2026-09-02T12:43:42.332179+00:00,2026-09-02T12:43:42.332179+00:00
153,AK,Letters,Software Versions & N-1 Tracking,40,DR,Software Versions & N-1 Tracking (Letters),ENV40_LTRS_SWVER,2027-11-16,2027-11-16,,2026-09-02T12:43:42.332179+00:00,2026-09-02T12:43:42.332179+00:00
154,AK,App Server,Software Versions & N-1 Tracking,40,DR,Software Versions & N-1 Tracking (App Server),ENV40_APPSRV_SWVER,2027-11-16,2027-11-16,,2026-09-02T12:43:42.332179+00:00,2026-09-02T12:43:42.332179+00:00
155,AK,Core,Software Versions & N-1 Tracking,40,DR,Software Versions & N-1 Tracking (Core),ENV40_CORE_SWVER,2027-11-16,2027-11-16,,2026-09-02T12:43:42.332179+00:00,2026-09-02T12:43:42.332179+00:00
156,AK,Cognos,Upgrade & Patch Tasks,40,DR,Upgrade & Patch Tasks (Cognos),ENV40_CGNS_PATCH,2027-11-16,2027-11-16,,2026-09-02T12:43:42.332179+00:00,2026-09-02T12:43:42.332179+00:00
157,AK,Informatica,Upgrade & Patch Tasks,40,DR,Upgrade & Patch Tasks (Informatica),ENV40_INFA_PATCH,2027-11-16,2027-11-16,,2026-09-02T12:43:42.332179+00:00,2026-09-02T12:43:42.332179+00:00
158,AK,Letters,Upgrade & Patch Tasks,40,DR,Upgrade & Patch Tasks (Letters),ENV40_LTRS_PATCH,2027-11-16,2027-11-16,,2026-09-02T12:43:42.332179+00:00,2026-09-02T12:43:42.332179+00:00
159,AK,App Server,Upgrade & Patch Tasks,40,DR,Upgrade & Patch Tasks (App Server),ENV40_APPSRV_PATCH,2027-11-16,2027-11-16,,2026-09-02T12:43:42.332179+00:00,2026-09-02T12:43:42.332179+00:00
160,AK,Core,Upgrade & Patch Tasks,40,DR,Upgrade & Patch Tasks (Core),ENV40_CORE_PATCH,2027-11-16,2027-11-16,,2026-09-02T12:43:42.332179+00:00,2026-09-02T12:43:42.332179+00:00
51,AK,Cognos,Software Versions & N-1 Tracking,33,DEV,Software Versions & N-1 Tracking (Cognos),ENV33_CGNS_SWVER,2028-01-17,2028-01-17,,2026-09-02T12:43:42.332179+00:00,2026-09-02T12:43:42.332179+00:00
52,AK,Informatica,Software Versions & N-1 Tracking,33,DEV,Software Versions & N-1 Tracking (Informatica),ENV33_INFA_SWVER,2028-01-17,2028-01-17,,2026-09-02T12:43:42.332179+00:00,2026-09-02T12:43:42.332179+00:00
53,AK,Letters,Software Versions & N-1 Tracking,33,DEV,Software Versions & N-1 Tracking (Letters),ENV33_LTRS_SWVER,2028-01-17,2028-01-17,,2026-09-02T12:43:42.332179+00:00,2026-09-02T12:43:42.332179+00:00
54,AK,App Server,Software Versions & N-1 Tracking,33,DEV,Software Versions & N-1 Tracking (App Server),ENV33_APPSRV_SWVER,2028-01-17,2028-01-17,,2026-09-02T12:43:42.332179+00:00,2026-09-02T12:43:42.332179+00:00
55,AK,Core,Software Versions & N-1 Tracking,33,DEV,Software Versions & N-1 Tracking (Core),ENV33_CORE_SWVER,2028-01-17,2028-01-17,,2026-09-02T12:43:42.332179+00:00,2026-09-02T12:43:42.332179+00:00
321,NH,Cognos,Crypto Keys & CA Certificates,15,DR,Crypto Keys & CA Certificates (Cognos),ENV15_CGNS_CRYPTO,2028-01-21,2028-01-21,,2026-09-02T12:43:42.332179+00:00,2026-09-02T12:43:42.332179+00:00
322,NH,Informatica,Crypto Keys & CA Certificates,15,DR,Crypto Keys & CA Certificates (Informatica),ENV15_INFA_CRYPTO,2028-01-21,2028-01-21,,2026-09-02T12:43:42.332179+00:00,2026-09-02T12:43:42.332179+00:00
323,NH,Letters,Crypto Keys & CA Certificates,15,DR,Crypto Keys & CA Certificates (Letters),ENV15_LTRS_CRYPTO,2028-01-21,2028-01-21,,2026-09-02T12:43:42.332179+00:00,2026-09-02T12:43:42.332179+00:00
324,NH,App Server,Crypto Keys & CA Certificates,15,DR,Crypto Keys & CA Certificates (App Server),ENV15_APPSRV_CRYPTO,2028-01-21,2028-01-21,,2026-09-02T12:43:42.332179+00:00,2026-09-02T12:43:42.332179+00:00
325,NH,Core,Crypto Keys & CA Certificates,15,DR,Crypto Keys & CA Certificates (Core),ENV15_CORE_CRYPTO,2028-01-21,2028-01-21,,2026-09-02T12:43:42.332179+00:00,2026-09-02T12:43:42.332179+00:00
326,NH,Cognos,Database Password Expiry,15,DR,Database Password Expiry (Cognos),ENV15_CGNS_DBPWD,2028-01-21,2028-01-21,,2026-09-02T12:43:42.332179+00:00,2026-09-02T12:43:42.332179+00:00
327,NH,Informatica,Database Password Expiry,15,DR,Database Password Expiry (Informatica),ENV15_INFA_DBPWD,2028-01-21,2028-01-21,,2026-09-02T12:43:42.332179+00:00,2026-09-02T12:43:42.332179+00:00
328,NH,Letters,Database Password Expiry,15,DR,Database Password Expiry (Letters),ENV15_LTRS_DBPWD,2028-01-21,2028-01-21,,2026-09-02T12:43:42.332179+00:00,2026-09-02T12:43:42.332179+00:00
329,NH,App Server,Database Password Expiry,15,DR,Database Password Expiry (App Server),ENV15_APPSRV_DBPWD,2028-01-21,2028-01-21,,2026-09-02T12:43:42.332179+00:00,2026-09-02T12:43:42.332179+00:00
330,NH,Core,Database Password Expiry,15,DR,Database Password Expiry (Core),ENV15_CORE_DBPWD,2028-01-21,2028-01-21,,2026-09-02T12:43:42.332179+00:00,2026-09-02T12:43:42.332179+00:00
331,NH,Cognos,Software Versions & N-1 Tracking,15,DR,Software Versions & N-1 Tracking (Cognos),ENV15_CGNS_SWVER,2028-01-21,2028-01-21,,2026-09-02T12:43:42.332179+00:00,2026-09-02T12:43:42.332179+00:00
332,NH,Informatica,Software Versions & N-1 Tracking,15,DR,Software Versions & N-1 Tracking (Informatica),ENV15_INFA_SWVER,2028-01-21,2028-01-21,,2026-09-02T12:43:42.332179+00:00,2026-09-02T12:43:42.332179+00:00
333,NH,Letters,Software Versions & N-1 Tracking,15,DR,Software Versions & N-1 Tracking (Letters),ENV15_LTRS_SWVER,2028-01-21,2028-01-21,,2026-09-02T12:43:42.332179+00:00,2026-09-02T12:43:42.332179+00:00
334,NH,App Server,Software Versions & N-1 Tracking,15,DR,Software Versions & N-1 Tracking (App Server),ENV15_APPSRV_SWVER,2028-01-21,2028-01-21,,2026-09-02T12:43:42.332179+00:00,2026-09-02T12:43:42.332179+00:00
335,NH,Core,Software Versions & N-1 Tracking,15,DR,Software Versions & N-1 Tracking (Core),ENV15_CORE_SWVER,2028-01-21,2028-01-21,,2026-09-02T12:43:42.332179+00:00,2026-09-02T12:43:42.332179+00:00
336,NH,Cognos,Upgrade & Patch Tasks,15,DR,Upgrade & Patch Tasks (Cognos),ENV15_CGNS_PATCH,2028-01-21,2028-01-21,,2026-09-02T12:43:42.332179+00:00,2026-09-02T12:43:42.332179+00:00
337,NH,Informatica,Upgrade & Patch Tasks,15,DR,Upgrade & Patch Tasks (Informatica),ENV15_INFA_PATCH,2028-01-21,2028-01-21,,2026-09-02T12:43:42.332179+00:00,2026-09-02T12:43:42.332179+00:00
338,NH,Letters,Upgrade & Patch Tasks,15,DR,Upgrade & Patch Tasks (Letters),ENV15_LTRS_PATCH,2028-01-21,2028-01-21,,2026-09-02T12:43:42.332179+00:00,2026-09-02T12:43:42.332179+00:00
339,NH,App Server,Upgrade & Patch Tasks,15,DR,Upgrade & Patch Tasks (App Server),ENV15_APPSRV_PATCH,2028-01-21,2028-01-21,,2026-09-02T12:43:42.332179+00:00,2026-09-02T12:43:42.332179+00:00
340,NH,Core,Upgrade & Patch Tasks,15,DR,Upgrade & Patch Tasks (Core),ENV15_CORE_PATCH,2028-01-21,2028-01-21,,2026-09-02T12:43:42.332179+00:00,2026-09-02T12:43:42.332179+00:00
71,AK,Cognos,Software Versions & N-1 Tracking,35,SIT,Software Versions & N-1 Tracking (Cognos),ENV35_CGNS_SWVER,2028-08-08,2028-08-08,,2026-09-02T12:43:42.332179+00:00,2026-09-02T12:43:42.332179+00:00
72,AK,Informatica,Software Versions & N-1 Tracking,35,SIT,Software Versions & N-1 Tracking (Informatica),ENV35_INFA_SWVER,2028-08-08,2028-08-08,,2026-09-02T12:43:42.332179+00:00,2026-09-02T12:43:42.332179+00:00
73,AK,Letters,Software Versions & N-1 Tracking,35,SIT,Software Versions & N-1 Tracking (Letters),ENV35_LTRS_SWVER,2028-08-08,2028-08-08,,2026-09-02T12:43:42.332179+00:00,2026-09-02T12:43:42.332179+00:00
74,AK,App Server,Software Versions & N-1 Tracking,35,SIT,Software Versions & N-1 Tracking (App Server),ENV35_APPSRV_SWVER,2028-08-08,2028-08-08,,2026-09-02T12:43:42.332179+00:00,2026-09-02T12:43:42.332179+00:00
75,AK,Core,Software Versions & N-1 Tracking,35,SIT,Software Versions & N-1 Tracking (Core),ENV35_CORE_SWVER,2028-08-08,2028-08-08,,2026-09-02T12:43:42.332179+00:00,2026-09-02T12:43:42.332179+00:00
41,AK,Cognos,Crypto Keys & CA Certificates,33,DEV,Crypto Keys & CA Certificates (Cognos),ENV33_CGNS_CRYPTO,2028-11-17,2028-11-17,,2026-09-02T12:43:42.332179+00:00,2026-09-02T12:43:42.332179+00:00
42,AK,Informatica,Crypto Keys & CA Certificates,33,DEV,Crypto Keys & CA Certificates (Informatica),ENV33_INFA_CRYPTO,2028-11-17,2028-11-17,,2026-09-02T12:43:42.332179+00:00,2026-09-02T12:43:42.332179+00:00
43,AK,Letters,Crypto Keys & CA Certificates,33,DEV,Crypto Keys & CA Certificates (Letters),ENV33_LTRS_CRYPTO,2028-11-17,2028-11-17,,2026-09-02T12:43:42.332179+00:00,2026-09-02T12:43:42.332179+00:00
44,AK,App Server,Crypto Keys & CA Certificates,33,DEV,Crypto Keys & CA Certificates (App Server),ENV33_APPSRV_CRYPTO,2028-11-17,2028-11-17,,2026-09-02T12:43:42.332179+00:00,2026-09-02T12:43:42.332179+00:00
45,AK,Core,Crypto Keys & CA Certificates,33,DEV,Crypto Keys & CA Certificates (Core),ENV33_CORE_CRYPTO,2028-11-17,2028-11-17,,2026-09-02T12:43:42.332179+00:00,2026-09-02T12:43:42.332179+00:00
56,AK,Cognos,Upgrade & Patch Tasks,33,DEV,Upgrade & Patch Tasks (Cognos),ENV33_CGNS_PATCH,2028-11-17,2028-11-17,,2026-09-02T12:43:42.332179+00:00,2026-09-02T12:43:42.332179+00:00
57,AK,Informatica,Upgrade & Patch Tasks,33,DEV,Upgrade & Patch Tasks (Informatica),ENV33_INFA_PATCH,2028-11-17,2028-11-17,,2026-09-02T12:43:42.332179+00:00,2026-09-02T12:43:42.332179+00:00
58,AK,Letters,Upgrade & Patch Tasks,33,DEV,Upgrade & Patch Tasks (Letters),ENV33_LTRS_PATCH,2028-11-17,2028-11-17,,2026-09-02T12:43:42.332179+00:00,2026-09-02T12:43:42.332179+00:00
59,AK,App Server,Upgrade & Patch Tasks,33,DEV,Upgrade & Patch Tasks (App Server),ENV33_APPSRV_PATCH,2028-11-17,2028-11-17,,2026-09-02T12:43:42.332179+00:00,2026-09-02T12:43:42.332179+00:00
60,AK,Core,Upgrade & Patch Tasks,33,DEV,Upgrade & Patch Tasks (Core),ENV33_CORE_PATCH,2028-11-17,2028-11-17,,2026-09-02T12:43:42.332179+00:00,2026-09-02T12:43:42.332179+00:00
81,AK,Cognos,Crypto Keys & CA Certificates,37,MO,Crypto Keys & CA Certificates (Cognos),ENV37_CGNS_CRYPTO,2029-03-08,2029-03-08,,2026-09-02T12:43:42.332179+00:00,2026-09-02T12:43:42.332179+00:00
82,AK,Informatica,Crypto Keys & CA Certificates,37,MO,Crypto Keys & CA Certificates (Informatica),ENV37_INFA_CRYPTO,2029-03-08,2029-03-08,,2026-09-02T12:43:42.332179+00:00,2026-09-02T12:43:42.332179+00:00
83,AK,Letters,Crypto Keys & CA Certificates,37,MO,Crypto Keys & CA Certificates (Letters),ENV37_LTRS_CRYPTO,2029-03-08,2029-03-08,,2026-09-02T12:43:42.332179+00:00,2026-09-02T12:43:42.332179+00:00
84,AK,App Server,Crypto Keys & CA Certificates,37,MO,Crypto Keys & CA Certificates (App Server),ENV37_APPSRV_CRYPTO,2029-03-08,2029-03-08,,2026-09-02T12:43:42.332179+00:00,2026-09-02T12:43:42.332179+00:00
85,AK,Core,Crypto Keys & CA Certificates,37,MO,Crypto Keys & CA Certificates (Core),ENV37_CORE_CRYPTO,2029-03-08,2029-03-08,,2026-09-02T12:43:42.332179+00:00,2026-09-02T12:43:42.332179+00:00
96,AK,Cognos,Upgrade & Patch Tasks,37,MO,Upgrade & Patch Tasks (Cognos),ENV37_CGNS_PATCH,2029-03-08,2029-03-08,,2026-09-02T12:43:42.332179+00:00,2026-09-02T12:43:42.332179+00:00
97,AK,Informatica,Upgrade & Patch Tasks,37,MO,Upgrade & Patch Tasks (Informatica),ENV37_INFA_PATCH,2029-03-08,2029-03-08,,2026-09-02T12:43:42.332179+00:00,2026-09-02T12:43:42.332179+00:00
98,AK,Letters,Upgrade & Patch Tasks,37,MO,Upgrade & Patch Tasks (Letters),ENV37_LTRS_PATCH,2029-03-08,2029-03-08,,2026-09-02T12:43:42.332179+00:00,2026-09-02T12:43:42.332179+00:00
99,AK,App Server,Upgrade & Patch Tasks,37,MO,Upgrade & Patch Tasks (App Server),ENV37_APPSRV_PATCH,2029-03-08,2029-03-08,,2026-09-02T12:43:42.332179+00:00,2026-09-02T12:43:42.332179+00:00
100,AK,Core,Upgrade & Patch Tasks,37,MO,Upgrade & Patch Tasks (Core),ENV37_CORE_PATCH,2029-03-08,2029-03-08,,2026-09-02T12:43:42.332179+00:00,2026-09-02T12:43:42.332179+00:00
11,AK,Cognos,Software Versions & N-1 Tracking,30,PROD,Software Versions & N-1 Tracking (Cognos),ENV30_CGNS_SWVER,2029-04-20,2029-04-20,,2026-09-02T12:43:42.332179+00:00,2026-09-02T12:43:42.332179+00:00
12,AK,Informatica,Software Versions & N-1 Tracking,30,PROD,Software Versions & N-1 Tracking (Informatica),ENV30_INFA_SWVER,2029-04-20,2029-04-20,,2026-09-02T12:43:42.332179+00:00,2026-09-02T12:43:42.332179+00:00
13,AK,Letters,Software Versions & N-1 Tracking,30,PROD,Software Versions & N-1 Tracking (Letters),ENV30_LTRS_SWVER,2029-04-20,2029-04-20,,2026-09-02T12:43:42.332179+00:00,2026-09-02T12:43:42.332179+00:00
14,AK,App Server,Software Versions & N-1 Tracking,30,PROD,Software Versions & N-1 Tracking (App Server),ENV30_APPSRV_SWVER,2029-04-20,2029-04-20,,2026-09-02T12:43:42.332179+00:00,2026-09-02T12:43:42.332179+00:00
15,AK,Core,Software Versions & N-1 Tracking,30,PROD,Software Versions & N-1 Tracking (Core),ENV30_CORE_SWVER,2029-04-20,2029-04-20,,2026-09-02T12:43:42.332179+00:00,2026-09-02T12:43:42.332179+00:00
1,AK,Cognos,Crypto Keys & CA Certificates,30,PROD,Crypto Keys & CA Certificates (Cognos),ENV30_CGNS_CRYPTO,2029-08-20,2029-08-20,,2026-09-02T12:43:42.332179+00:00,2026-09-02T12:43:42.332179+00:00
2,AK,Informatica,Crypto Keys & CA Certificates,30,PROD,Crypto Keys & CA Certificates (Informatica),ENV30_INFA_CRYPTO,2029-08-20,2029-08-20,,2026-09-02T12:43:42.332179+00:00,2026-09-02T12:43:42.332179+00:00
3,AK,Letters,Crypto Keys & CA Certificates,30,PROD,Crypto Keys & CA Certificates (Letters),ENV30_LTRS_CRYPTO,2029-08-20,2029-08-20,,2026-09-02T12:43:42.332179+00:00,2026-09-02T12:43:42.332179+00:00
4,AK,App Server,Crypto Keys & CA Certificates,30,PROD,Crypto Keys & CA Certificates (App Server),ENV30_APPSRV_CRYPTO,2029-08-20,2029-08-20,,2026-09-02T12:43:42.332179+00:00,2026-09-02T12:43:42.332179+00:00
5,AK,Core,Crypto Keys & CA Certificates,30,PROD,Crypto Keys & CA Certificates (Core),ENV30_CORE_CRYPTO,2029-08-20,2029-08-20,,2026-09-02T12:43:42.332179+00:00,2026-09-02T12:43:42.332179+00:00
6,AK,Cognos,Database Password Expiry,30,PROD,Database Password Expiry (Cognos),ENV30_CGNS_DBPWD,2029-08-20,2029-08-20,,2026-09-02T12:43:42.332179+00:00,2026-09-02T12:43:42.332179+00:00
7,AK,Informatica,Database Password Expiry,30,PROD,Database Password Expiry (Informatica),ENV30_INFA_DBPWD,2029-08-20,2029-08-20,,2026-09-02T12:43:42.332179+00:00,2026-09-02T12:43:42.332179+00:00
8,AK,Letters,Database Password Expiry,30,PROD,Database Password Expiry (Letters),ENV30_LTRS_DBPWD,2029-08-20,2029-08-20,,2026-09-02T12:43:42.332179+00:00,2026-09-02T12:43:42.332179+00:00
9,AK,App Server,Database Password Expiry,30,PROD,Database Password Expiry (App Server),ENV30_APPSRV_DBPWD,2029-08-20,2029-08-20,,2026-09-02T12:43:42.332179+00:00,2026-09-02T12:43:42.332179+00:00
10,AK,Core,Database Password Expiry,30,PROD,Database Password Expiry (Core),ENV30_CORE_DBPWD,2029-08-20,2029-08-20,,2026-09-02T12:43:42.332179+00:00,2026-09-02T12:43:42.332179+00:00
16,AK,Cognos,Upgrade & Patch Tasks,30,PROD,Upgrade & Patch Tasks (Cognos),ENV30_CGNS_PATCH,2029-08-20,2029-08-20,,2026-09-02T12:43:42.332179+00:00,2026-09-02T12:43:42.332179+00:00
17,AK,Informatica,Upgrade & Patch Tasks,30,PROD,Upgrade & Patch Tasks (Informatica),ENV30_INFA_PATCH,2029-08-20,2029-08-20,,2026-09-02T12:43:42.332179+00:00,2026-09-02T12:43:42.332179+00:00
18,AK,Letters,Upgrade & Patch Tasks,30,PROD,Upgrade & Patch Tasks (Letters),ENV30_LTRS_PATCH,2029-08-20,2029-08-20,,2026-09-02T12:43:42.332179+00:00,2026-09-02T12:43:42.332179+00:00
19,AK,App Server,Upgrade & Patch Tasks,30,PROD,Upgrade & Patch Tasks (App Server),ENV30_APPSRV_PATCH,2029-08-20,2029-08-20,,2026-09-02T12:43:42.332179+00:00,2026-09-02T12:43:42.332179+00:00
20,AK,Core,Upgrade & Patch Tasks,30,PROD,Upgrade & Patch Tasks (Core),ENV30_CORE_PATCH,2029-08-20,2029-08-20,,2026-09-02T12:43:42.332179+00:00,2026-09-02T12:43:42.332179+00:00
